Paguyuban Puri Bunga 2,,,,,,,,,,,,,,,,,,,,,,,,,,,,
Laporan Kinerja Keuangan Tahun 2025,,,,,,,,,,,,,,,,,,,,,,,,,,,,
,,,,,,,,,,,,,,,,,,,,,,,,,,,,
,,,,,,,,,,,,,,,,,,,,,,,,,,,,
JURNAL HARIAN PURI BUNGA 2 TAHUN 2025,,,,,,,,,,,,,,,,,,,,,,,,,,,,
,,,,,,,,,,,,,,,,,,,,,,,,,,,,
No.,Tanggal,Month,SD,MS BYR,ACC,ACC NAME,URAIAN TRANSAKSI,Blok,Dr,Cr,Saldo,Cek Saldo RK,Cek Saldo Kas,Selisih,,,,,,,,,,,,,,
1,2026-01-01 00:00:00,1,5,,,Saldo awal ,,,,,0,,,,,,,,,,,,,,,,,
1,2026-05-02 00:00:00,5,5,1,11,Kas Kecil,Kas kecil awal,,304000,,304000,,,,,,,,,,,,,,,,,
2,2026-05-07 00:00:00,5,5,1,11,Kas Kecil,Pengambilan tunai untuk kas kecil,,200000,,504000,,,,,,,,,,,,,,,,,
3,,1,5,,,0,,,,,504000,,,,,,,,,,,,,,,,,
4,,1,5,,,0,,,,,504000,,,,,,,,,,,,,,,,,
5,,1,5,,,0,,,,,504000,,,,,,,,,,,,,,,,,
6,,1,5,,,0,,,,,504000,,,,,,,,,,,,,,,,,
7,,1,5,,,0,,,,,504000,,,,,,,,,,,,,,,,,
8,,1,5,,,0,,,,,504000,,,,,,,,,,,,,,,,,
9,,1,5,,,0,,,,,504000,,,,,,,,,,,,,,,,,
10,,1,5,,,0,,,,,504000,,,,,,,,,,,,,,,,,
11,,1,5,,,0,,,,,504000,,,,,,,,,,,,,,,,,
12,,1,5,,,0,,,,,504000,,,,,,,,,,,,,,,,,
13,,1,5,,,0,,,,,504000,,,,,,,,,,,,,,,,,
14,,1,5,,,0,,,,,504000,,,,,,,,,,,,,,,,,
15,,1,5,,,0,,,,,504000,,,,,,,,,,,,,,,,,
16,,1,5,,,0,,,,,504000,,,,,,,,,,,,,,,,,
17,,1,5,,,0,,,,,504000,,,,,,,,,,,,,,,,,
18,,1,5,,,0,,,,,504000,,,,,,,,,,,,,,,,,
19,,1,5,,,0,,,,,504000,,,,,,,,,,,,,,,,,
20,,1,5,,,0,,,,,504000,,,,,,,,,,,,,,,,,
21,,1,5,,,0,,,,,504000,,,,,,,,,,,,,,,,,
22,,1,5,,,0,,,,,504000,,,,,,,,,,,,,,,,,
23,,1,5,,,0,,,,,504000,,,,,,,,,,,,,,,,,
24,,1,5,,,0,,,,,504000,,,,,,,,,,,,,,,,,
25,,1,5,,,0,,,,,504000,,,,,,,,,,,,,,,,,
26,,1,5,,,0,,,,,504000,,,,,,,,,,,,,,,,,
27,,1,5,,,0,,,,,504000,,,,,,,,,,,,,,,,,
28,,1,5,,,0,,,,,504000,,,,,,,,,,,,,,,,,
29,,1,5,,,0,,,,,504000,,,,,,,,,,,,,,,,,
30,,1,5,,,0,,,,,504000,,,,,,,,,,,,,,,,,
31,,1,5,,,0,,,,,504000,,,,,,,,,,,,,,,,,
32,,1,5,,,0,,,,,504000,,,,,,,,,,,,,,,,,
33,,1,5,,,0,,,,,504000,,,,,,,,,,,,,,,,,
34,,1,5,,,0,,,,,504000,,,,,,,,,,,,,,,,,
35,,1,5,,,0,,,,,504000,,,,,,,,,,,,,,,,,
36,,1,5,,,0,,,,,504000,,,,,,,,,,,,,,,,,
37,,1,5,,,0,,,,,504000,,,,,,,,,,,,,,,,,
38,,1,5,,,0,,,,,504000,,,,,,,,,,,,,,,,,
39,,1,5,,,0,,,,,504000,,,,,,,,,,,,,,,,,
40,,1,5,,,0,,,,,504000,,,,,,,,,,,,,,,,,
41,,1,5,,,0,,,,,504000,,,,,,,,,,,,,,,,,
42,,1,5,,,0,,,,,504000,,,,,,,,,,,,,,,,,
43,,1,5,,,0,,,,,504000,,,,,,,,,,,,,,,,,
44,,1,5,,,0,,,,,504000,,,,,,,,,,,,,,,,,
45,,1,5,,,0,,,,,504000,,,,,,,,,,,,,,,,,
46,,1,5,,,0,,,,,504000,,,,,,,,,,,,,,,,,
47,,1,5,,,0,,,,,504000,,,,,,,,,,,,,,,,,
48,,1,5,,,0,,,,,504000,,,,,,,,,,,,,,,,,
49,,1,5,,,0,,,,,504000,,,,,,,,,,,,,,,,,
50,,1,5,,,0,,,,,504000,,,,,,,,,,,,,,,,,
51,,1,5,,,0,,,,,504000,,,,,,,,,,,,,,,,,
52,,1,5,,,0,,,,,504000,,,,,,,,,,,,,,,,,
53,,1,5,,,0,,,,,504000,,,,,,,,,,,,,,,,,
54,,1,5,,,0,,,,,504000,,,,,,,,,,,,,,,,,
55,,1,5,,,0,,,,,504000,,,,,,,,,,,,,,,,,
56,,1,5,,,0,,,,,504000,,,,,,,,,,,,,,,,,
57,,1,5,,,0,,,,,504000,,,,,,,,,,,,,,,,,
58,,1,5,,,0,,,,,504000,,,,,,,,,,,,,,,,,
59,,1,5,,,0,,,,,504000,,,,,,,,,,,,,,,,,
60,,1,5,,,0,,,,,504000,,,,,,,,,,,,,,,,,
61,,1,5,,,0,,,,,504000,,,,,,,,,,,,,,,,,
62,,1,5,,,0,,,,,504000,,,,,,,,,,,,,,,,,
63,,1,5,,,0,,,,,504000,,,,,,,,,,,,,,,,,
64,,1,5,,,0,,,,,504000,,,,,,,,,,,,,,,,,
65,,1,5,,,0,,,,,504000,,,,,,,,,,,,,,,,,
66,,1,5,,,0,,,,,504000,,,,,,,,,,,,,,,,,
67,,1,5,,,0,,,,,504000,,,,,,,,,,,,,,,,,
68,,1,5,,,0,,,,,504000,,,,,,,,,,,,,,,,,
69,,1,5,,,0,,,,,504000,,,,,,,,,,,,,,,,,
70,,1,5,,,0,,,,,504000,,,,,,,,,,,,,,,,,
71,,1,5,,,0,,,,,504000,,,,,,,,,,,,,,,,,
72,,1,5,,,0,,,,,504000,,,,,,,,,,,,,,,,,
73,,1,5,,,0,,,,,504000,,,,,,,,,,,,,,,,,
74,,1,5,,,0,,,,,504000,,,,,,,,,,,,,,,,,
75,,1,5,,,0,,,,,504000,,,,,,,,,,,,,,,,,
76,,1,5,,,0,,,,,504000,,,,,,,,,,,,,,,,,
77,,1,5,,,0,,,,,504000,,,,,,,,,,,,,,,,,
78,,1,5,,,0,,,,,504000,,,,,,,,,,,,,,,,,
79,,1,5,,,0,,,,,504000,,,,,,,,,,,,,,,,,
80,,1,5,,,0,,,,,504000,,,,,,,,,,,,,,,,,
81,,1,5,,,0,,,,,504000,,,,,,,,,,,,,,,,,
82,,1,5,,,0,,,,,504000,,,,,,,,,,,,,,,,,
83,,1,5,,,0,,,,,504000,,,,,,,,,,,,,,,,,
84,,1,5,,,0,,,,,504000,,,,,,,,,,,,,,,,,
85,,1,5,,,0,,,,,504000,,,,,,,,,,,,,,,,,
86,,1,5,,,0,,,,,504000,,,,,,,,,,,,,,,,,
87,,1,5,,,0,,,,,504000,,,,,,,,,,,,,,,,,
88,,1,5,,,0,,,,,504000,,,,,,,,,,,,,,,,,
89,,1,5,,,0,,,,,504000,,,,,,,,,,,,,,,,,
90,,1,5,,,0,,,,,504000,,,,,,,,,,,,,,,,,
91,,1,5,,,0,,,,,504000,,,,,,,,,,,,,,,,,
92,,1,5,,,0,,,,,504000,,,,,,,,,,,,,,,,,
93,,1,5,,,0,,,,,504000,,,,,,,,,,,,,,,,,
94,,1,5,,,0,,,,,504000,,,,,,,,,,,,,,,,,
95,,1,5,,,0,,,,,504000,,,,,,,,,,,,,,,,,
96,,1,5,,,0,,,,,504000,,,,,,,,,,,,,,,,,
97,,1,5,,,0,,,,,504000,,,,,,,,,,,,,,,,,
98,,1,5,,,0,,,,,504000,,,,,,,,,,,,,,,,,
99,,1,5,,,0,,,,,504000,,,,,,,,,,,,,,,,,
100,,1,5,,,0,,,,,504000,,,,,,,,,,,,,,,,,
101,,1,5,,,0,,,,,504000,,,,,,,,,,,,,,,,,
102,,1,5,,,0,,,,,504000,,,,,,,,,,,,,,,,,
103,,1,5,,,0,,,,,504000,,,,,,,,,,,,,,,,,
104,,1,5,,,0,,,,,504000,,,,,,,,,,,,,,,,,
105,,1,5,,,0,,,,,504000,,,,,,,,,,,,,,,,,
106,,1,5,,,0,,,,,504000,,,,,,,,,,,,,,,,,
107,,1,5,,,0,,,,,504000,,,,,,,,,,,,,,,,,
108,,1,5,,,0,,,,,504000,,,,,,,,,,,,,,,,,
109,,1,5,,,0,,,,,504000,,,,,,,,,,,,,,,,,
110,,1,5,,,0,,,,,504000,,,,,,,,,,,,,,,,,
111,,1,5,,,0,,,,,504000,,,,,,,,,,,,,,,,,
112,,1,5,,,0,,,,,504000,,,,,,,,,,,,,,,,,
113,,1,5,,,0,,,,,504000,,,,,,,,,,,,,,,,,
114,,1,5,,,0,,,,,504000,,,,,,,,,,,,,,,,,
115,,1,5,,,0,,,,,504000,,,,,,,,,,,,,,,,,
116,,1,5,,,0,,,,,504000,,,,,,,,,,,,,,,,,
117,,1,5,,,0,,,,,504000,,,,,,,,,,,,,,,,,
118,,1,5,,,0,,,,,504000,,,,,,,,,,,,,,,,,
119,,1,5,,,0,,,,,504000,,,,,,,,,,,,,,,,,
120,,1,5,,,0,,,,,504000,,,,,,,,,,,,,,,,,
121,,1,5,,,0,,,,,504000,,,,,,,,,,,,,,,,,
122,,1,5,,,0,,,,,504000,,,,,,,,,,,,,,,,,
123,,1,5,,,0,,,,,504000,,,,,,,,,,,,,,,,,
124,,1,5,,,0,,,,,504000,,,,,,,,,,,,,,,,,
125,,1,5,,,0,,,,,504000,,,,,,,,,,,,,,,,,
126,,1,5,,,0,,,,,504000,,,,,,,,,,,,,,,,,
127,,1,5,,,0,,,,,504000,,,,,,,,,,,,,,,,,
128,,1,5,,,0,,,,,504000,,,,,,,,,,,,,,,,,
129,,1,5,,,0,,,,,504000,,,,,,,,,,,,,,,,,
130,,1,5,,,0,,,,,504000,,,,,,,,,,,,,,,,,
131,,1,5,,,0,,,,,504000,,,,,,,,,,,,,,,,,
132,,1,5,,,0,,,,,504000,,,,,,,,,,,,,,,,,
133,,1,5,,,0,,,,,504000,,,,,,,,,,,,,,,,,
134,,1,5,,,0,,,,,504000,,,,,,,,,,,,,,,,,
135,,1,5,,,0,,,,,504000,,,,,,,,,,,,,,,,,
136,,1,5,,,0,,,,,504000,,,,,,,,,,,,,,,,,
137,,1,5,,,0,,,,,504000,,,,,,,,,,,,,,,,,
138,,1,5,,,0,,,,,504000,,,,,,,,,,,,,,,,,
139,,1,5,,,0,,,,,504000,,,,,,,,,,,,,,,,,
140,,1,5,,,0,,,,,504000,,,,,,,,,,,,,,,,,
141,,1,5,,,0,,,,,504000,,,,,,,,,,,,,,,,,
142,,1,5,,,0,,,,,504000,,,,,,,,,,,,,,,,,
143,,1,5,,,0,,,,,504000,,,,,,,,,,,,,,,,,
144,,1,5,,,0,,,,,504000,,,,,,,,,,,,,,,,,
145,,1,5,,,0,,,,,504000,,,,,,,,,,,,,,,,,
146,,1,5,,,0,,,,,504000,,,,,,,,,,,,,,,,,
147,,1,5,,,0,,,,,504000,,,,,,,,,,,,,,,,,
148,,1,5,,,0,,,,,504000,,,,,,,,,,,,,,,,,
149,,1,5,,,0,,,,,504000,,,,,,,,,,,,,,,,,
150,,1,5,,,0,,,,,504000,,,,,,,,,,,,,,,,,
151,,1,5,,,0,,,,,504000,,,,,,,,,,,,,,,,,
152,,1,5,,,0,,,,,504000,,,,,,,,,,,,,,,,,
153,,1,5,,,0,,,,,504000,,,,,,,,,,,,,,,,,
154,,1,5,,,0,,,,,504000,,,,,,,,,,,,,,,,,
155,,1,5,,,0,,,,,504000,,,,,,,,,,,,,,,,,
156,,1,5,,,0,,,,,504000,,,,,,,,,,,,,,,,,
157,,1,5,,,0,,,,,504000,,,,,,,,,,,,,,,,,
158,,1,5,,,0,,,,,504000,,,,,,,,,,,,,,,,,
159,,1,5,,,0,,,,,504000,,,,,,,,,,,,,,,,,
160,,1,5,,,0,,,,,504000,,,,,,,,,,,,,,,,,
161,,1,5,,,0,,,,,504000,,,,,,,,,,,,,,,,,
162,,1,5,,,0,,,,,504000,,,,,,,,,,,,,,,,,
163,,1,5,,,0,,,,,504000,,,,,,,,,,,,,,,,,
164,,1,5,,,0,,,,,504000,,,,,,,,,,,,,,,,,
165,,1,5,,,0,,,,,504000,,,,,,,,,,,,,,,,,
166,,1,5,,,0,,,,,504000,,,,,,,,,,,,,,,,,
167,,1,5,,,0,,,,,504000,,,,,,,,,,,,,,,,,
168,,1,5,,,0,,,,,504000,,,,,,,,,,,,,,,,,
169,,1,5,,,0,,,,,504000,,,,,,,,,,,,,,,,,
170,,1,5,,,0,,,,,504000,,,,,,,,,,,,,,,,,
171,,1,5,,,0,,,,,504000,,,,,,,,,,,,,,,,,
172,,1,5,,,0,,,,,504000,,,,,,,,,,,,,,,,,
173,,1,5,,,0,,,,,504000,,,,,,,,,,,,,,,,,
174,,1,5,,,0,,,,,504000,,,,,,,,,,,,,,,,,
175,,1,5,,,0,,,,,504000,,,,,,,,,,,,,,,,,
176,,1,5,,,0,,,,,504000,,,,,,,,,,,,,,,,,
177,,1,5,,,0,,,,,504000,,,,,,,,,,,,,,,,,
178,,1,5,,,0,,,,,504000,,,,,,,,,,,,,,,,,
179,,1,5,,,0,,,,,504000,,,,,,,,,,,,,,,,,
180,,1,5,,,0,,,,,504000,,,,,,,,,,,,,,,,,
181,,1,5,,,0,,,,,504000,,,,,,,,,,,,,,,,,
182,,1,5,,,0,,,,,504000,,,,,,,,,,,,,,,,,
183,,1,5,,,0,,,,,504000,,,,,,,,,,,,,,,,,
184,,1,5,,,0,,,,,504000,,,,,,,,,,,,,,,,,
185,,1,5,,,0,,,,,504000,,,,,,,,,,,,,,,,,
186,,1,5,,,0,,,,,504000,,,,,,,,,,,,,,,,,
187,,1,5,,,0,,,,,504000,,,,,,,,,,,,,,,,,
188,,1,5,,,0,,,,,504000,,,,,,,,,,,,,,,,,
189,,1,5,,,0,,,,,504000,,,,,,,,,,,,,,,,,
190,,1,5,,,0,,,,,504000,,,,,,,,,,,,,,,,,
191,,1,5,,,0,,,,,504000,,,,,,,,,,,,,,,,,
192,,1,5,,,0,,,,,504000,,,,,,,,,,,,,,,,,
193,,1,5,,,0,,,,,504000,,,,,,,,,,,,,,,,,
194,,1,5,,,0,,,,,504000,,,,,,,,,,,,,,,,,
195,,1,5,,,0,,,,,504000,,,,,,,,,,,,,,,,,
196,,1,5,,,0,,,,,504000,,,,,,,,,,,,,,,,,
197,,1,5,,,0,,,,,504000,,,,,,,,,,,,,,,,,
198,,1,5,,,0,,,,,504000,,,,,,,,,,,,,,,,,
199,,1,5,,,0,,,,,504000,,,,,,,,,,,,,,,,,
200,,1,5,,,0,,,,,504000,,,,,,,,,,,,,,,,,
201,,1,5,,,0,,,,,504000,,,,,,,,,,,,,,,,,
202,,1,5,,,0,,,,,504000,,,,,,,,,,,,,,,,,
203,,1,5,,,0,,,,,504000,,,,,,,,,,,,,,,,,
204,,1,5,,,0,,,,,504000,,,,,,,,,,,,,,,,,
205,,1,5,,,0,,,,,504000,,,,,,,,,,,,,,,,,
206,,1,5,,,0,,,,,504000,,,,,,,,,,,,,,,,,
207,,1,5,,,0,,,,,504000,,,,,,,,,,,,,,,,,
208,,1,5,,,0,,,,,504000,,,,,,,,,,,,,,,,,
209,,1,5,,,0,,,,,504000,,,,,,,,,,,,,,,,,
210,,1,5,,,0,,,,,504000,,,,,,,,,,,,,,,,,
211,,1,5,,,0,,,,,504000,,,,,,,,,,,,,,,,,
212,,1,5,,,0,,,,,504000,,,,,,,,,,,,,,,,,
213,,1,5,,,0,,,,,504000,,,,,,,,,,,,,,,,,
214,,1,5,,,0,,,,,504000,,,,,,,,,,,,,,,,,
215,,1,5,,,0,,,,,504000,,,,,,,,,,,,,,,,,
216,,1,5,,,0,,,,,504000,,,,,,,,,,,,,,,,,
217,,1,5,,,0,,,,,504000,,,,,,,,,,,,,,,,,
218,,1,5,,,0,,,,,504000,,,,,,,,,,,,,,,,,
219,,1,5,,,0,,,,,504000,,,,,,,,,,,,,,,,,
220,,1,5,,,0,,,,,504000,,,,,,,,,,,,,,,,,
221,,1,5,,,0,,,,,504000,,,,,,,,,,,,,,,,,
222,,1,5,,,0,,,,,504000,,,,,,,,,,,,,,,,,
223,,1,5,,,0,,,,,504000,,,,,,,,,,,,,,,,,
224,,1,5,,,0,,,,,504000,,,,,,,,,,,,,,,,,
225,,1,5,,,0,,,,,504000,,,,,,,,,,,,,,,,,
226,,1,5,,,0,,,,,504000,,,,,,,,,,,,,,,,,
227,,1,5,,,0,,,,,504000,,,,,,,,,,,,,,,,,
228,,1,5,,,0,,,,,504000,,,,,,,,,,,,,,,,,
229,,1,5,,,0,,,,,504000,,,,,,,,,,,,,,,,,
230,,1,5,,,0,,,,,504000,,,,,,,,,,,,,,,,,
231,,1,5,,,0,,,,,504000,,,,,,,,,,,,,,,,,
232,,1,5,,,0,,,,,504000,,,,,,,,,,,,,,,,,
233,,1,5,,,0,,,,,504000,,,,,,,,,,,,,,,,,
234,,1,5,,,0,,,,,504000,,,,,,,,,,,,,,,,,
235,,1,5,,,0,,,,,504000,,,,,,,,,,,,,,,,,
236,,1,5,,,0,,,,,504000,,,,,,,,,,,,,,,,,
237,,1,5,,,0,,,,,504000,,,,,,,,,,,,,,,,,
238,,1,5,,,0,,,,,504000,,,,,,,,,,,,,,,,,
239,,1,5,,,0,,,,,504000,,,,,,,,,,,,,,,,,
240,,1,5,,,0,,,,,504000,,,,,,,,,,,,,,,,,
241,,1,5,,,0,,,,,504000,,,,,,,,,,,,,,,,,
242,,1,5,,,0,,,,,504000,,,,,,,,,,,,,,,,,
243,,1,5,,,0,,,,,504000,,,,,,,,,,,,,,,,,
244,,1,5,,,0,,,,,504000,,,,,,,,,,,,,,,,,
245,,1,5,,,0,,,,,504000,,,,,,,,,,,,,,,,,
246,,1,5,,,0,,,,,504000,,,,,,,,,,,,,,,,,
247,,1,5,,,0,,,,,504000,,,,,,,,,,,,,,,,,
248,,1,5,,,0,,,,,504000,,,,,,,,,,,,,,,,,
249,,1,5,,,0,,,,,504000,,,,,,,,,,,,,,,,,
250,,1,5,,,0,,,,,504000,,,,,,,,,,,,,,,,,
251,,1,5,,,0,,,,,504000,,,,,,,,,,,,,,,,,
252,,1,5,,,0,,,,,504000,,,,,,,,,,,,,,,,,
253,,1,5,,,0,,,,,504000,,,,,,,,,,,,,,,,,
254,,1,5,,,0,,,,,504000,,,,,,,,,,,,,,,,,
255,,1,5,,,0,,,,,504000,,,,,,,,,,,,,,,,,
256,,1,5,,,0,,,,,504000,,,,,,,,,,,,,,,,,
257,,1,5,,,0,,,,,504000,,,,,,,,,,,,,,,,,
258,,1,5,,,0,,,,,504000,,,,,,,,,,,,,,,,,
259,,1,5,,,0,,,,,504000,,,,,,,,,,,,,,,,,
260,,1,5,,,0,,,,,504000,,,,,,,,,,,,,,,,,
261,,1,5,,,0,,,,,504000,,,,,,,,,,,,,,,,,
262,,1,5,,,0,,,,,504000,,,,,,,,,,,,,,,,,
263,,1,5,,,0,,,,,504000,,,,,,,,,,,,,,,,,
264,,1,5,,,0,,,,,504000,,,,,,,,,,,,,,,,,
265,,1,5,,,0,,,,,504000,,,,,,,,,,,,,,,,,
266,,1,5,,,0,,,,,504000,,,,,,,,,,,,,,,,,
267,,1,5,,,0,,,,,504000,,,,,,,,,,,,,,,,,
268,,1,5,,,0,,,,,504000,,,,,,,,,,,,,,,,,
269,,1,5,,,0,,,,,504000,,,,,,,,,,,,,,,,,
270,,1,5,,,0,,,,,504000,,,,,,,,,,,,,,,,,
271,,1,5,,,0,,,,,504000,,,,,,,,,,,,,,,,,
272,,1,5,,,0,,,,,504000,,,,,,,,,,,,,,,,,
273,,1,5,,,0,,,,,504000,,,,,,,,,,,,,,,,,
274,,1,5,,,0,,,,,504000,,,,,,,,,,,,,,,,,
275,,1,5,,,0,,,,,504000,,,,,,,,,,,,,,,,,
276,,1,5,,,0,,,,,504000,,,,,,,,,,,,,,,,,
277,,1,5,,,0,,,,,504000,,,,,,,,,,,,,,,,,
278,,1,5,,,0,,,,,504000,,,,,,,,,,,,,,,,,
279,,1,5,,,0,,,,,504000,,,,,,,,,,,,,,,,,
280,,1,5,,,0,,,,,504000,,,,,,,,,,,,,,,,,
281,,1,5,,,0,,,,,504000,,,,,,,,,,,,,,,,,
282,,1,5,,,0,,,,,504000,,,,,,,,,,,,,,,,,
283,,1,5,,,0,,,,,504000,,,,,,,,,,,,,,,,,
284,,1,5,,,0,,,,,504000,,,,,,,,,,,,,,,,,
285,,1,5,,,0,,,,,504000,,,,,,,,,,,,,,,,,
286,,1,5,,,0,,,,,504000,,,,,,,,,,,,,,,,,
287,,1,5,,,0,,,,,504000,,,,,,,,,,,,,,,,,
288,,1,5,,,0,,,,,504000,,,,,,,,,,,,,,,,,
289,,1,5,,,0,,,,,504000,,,,,,,,,,,,,,,,,
290,,1,5,,,0,,,,,504000,,,,,,,,,,,,,,,,,
291,,1,5,,,0,,,,,504000,,,,,,,,,,,,,,,,,
292,,1,5,,,0,,,,,504000,,,,,,,,,,,,,,,,,
293,,1,5,,,0,,,,,504000,,,,,,,,,,,,,,,,,
294,,1,5,,,0,,,,,504000,,,,,,,,,,,,,,,,,
295,,1,5,,,0,,,,,504000,,,,,,,,,,,,,,,,,
296,,1,5,,,0,,,,,504000,,,,,,,,,,,,,,,,,
297,,1,5,,,0,,,,,504000,,,,,,,,,,,,,,,,,
298,,1,5,,,0,,,,,504000,,,,,,,,,,,,,,,,,
299,,1,5,,,0,,,,,504000,,,,,,,,,,,,,,,,,
300,,1,5,,,0,,,,,504000,,,,,,,,,,,,,,,,,
301,,1,5,,,0,,,,,504000,,,,,,,,,,,,,,,,,
302,,1,5,,,0,,,,,504000,,,,,,,,,,,,,,,,,
303,,1,5,,,0,,,,,504000,,,,,,,,,,,,,,,,,
304,,1,5,,,0,,,,,504000,,,,,,,,,,,,,,,,,
305,,1,5,,,0,,,,,504000,,,,,,,,,,,,,,,,,
306,,1,5,,,0,,,,,504000,,,,,,,,,,,,,,,,,
307,,1,5,,,0,,,,,504000,,,,,,,,,,,,,,,,,
308,,1,5,,,0,,,,,504000,,,,,,,,,,,,,,,,,
309,,1,5,,,0,,,,,504000,,,,,,,,,,,,,,,,,
310,,1,5,,,0,,,,,504000,,,,,,,,,,,,,,,,,
311,,1,5,,,0,,,,,504000,,,,,,,,,,,,,,,,,
312,,1,5,,,0,,,,,504000,,,,,,,,,,,,,,,,,
313,,1,5,,,0,,,,,504000,,,,,,,,,,,,,,,,,
314,,1,5,,,0,,,,,504000,,,,,,,,,,,,,,,,,
315,,1,5,,,0,,,,,504000,,,,,,,,,,,,,,,,,
316,,1,5,,,0,,,,,504000,,,,,,,,,,,,,,,,,
317,,1,5,,,0,,,,,504000,,,,,,,,,,,,,,,,,
318,,1,5,,,0,,,,,504000,,,,,,,,,,,,,,,,,
319,,1,5,,,0,,,,,504000,,,,,,,,,,,,,,,,,
320,,1,5,,,0,,,,,504000,,,,,,,,,,,,,,,,,
321,,1,5,,,0,,,,,504000,,,,,,,,,,,,,,,,,
322,,1,5,,,0,,,,,504000,,,,,,,,,,,,,,,,,
323,,1,5,,,0,,,,,504000,,,,,,,,,,,,,,,,,
324,,1,5,,,0,,,,,504000,,,,,,,,,,,,,,,,,
325,,1,5,,,0,,,,,504000,,,,,,,,,,,,,,,,,
326,,1,5,,,0,,,,,504000,,,,,,,,,,,,,,,,,
327,,1,5,,,0,,,,,504000,,,,,,,,,,,,,,,,,
328,,1,5,,,0,,,,,504000,,,,,,,,,,,,,,,,,
329,,1,5,,,0,,,,,504000,,,,,,,,,,,,,,,,,
330,,1,5,,,0,,,,,504000,,,,,,,,,,,,,,,,,
331,,1,5,,,0,,,,,504000,,,,,,,,,,,,,,,,,
332,,1,5,,,0,,,,,504000,,,,,,,,,,,,,,,,,
333,,1,5,,,0,,,,,504000,,,,,,,,,,,,,,,,,
334,,1,5,,,0,,,,,504000,,,,,,,,,,,,,,,,,
335,,1,5,,,0,,,,,504000,,,,,,,,,,,,,,,,,
336,,1,5,,,0,,,,,504000,,,,,,,,,,,,,,,,,
337,,1,5,,,0,,,,,504000,,,,,,,,,,,,,,,,,
338,,1,5,,,0,,,,,504000,,,,,,,,,,,,,,,,,
339,,1,5,,,0,,,,,504000,,,,,,,,,,,,,,,,,
340,,1,5,,,0,,,,,504000,,,,,,,,,,,,,,,,,
341,,1,5,,,0,,,,,504000,,,,,,,,,,,,,,,,,
342,,1,5,,,0,,,,,504000,,,,,,,,,,,,,,,,,
343,,1,5,,,0,,,,,504000,,,,,,,,,,,,,,,,,
344,,1,5,,,0,,,,,504000,,,,,,,,,,,,,,,,,
345,,1,5,,,0,,,,,504000,,,,,,,,,,,,,,,,,
346,,1,5,,,0,,,,,504000,,,,,,,,,,,,,,,,,
347,,1,5,,,0,,,,,504000,,,,,,,,,,,,,,,,,
348,,1,5,,,0,,,,,504000,,,,,,,,,,,,,,,,,
349,,1,5,,,0,,,,,504000,,,,,,,,,,,,,,,,,
350,,1,5,,,0,,,,,504000,,,,,,,,,,,,,,,,,
351,,1,5,,,0,,,,,504000,12535852,304000,-12335852,,,,,,,,,,,,,,
352,,1,5,,,0,,,,,504000,,,,,,,,,,,,,,,,,
353,,1,5,,,0,,,,,504000,,,,,,,,,,,,,,,,,
354,,1,5,,,0,,,,,504000,,,,,,,,,,,,,,,,,
355,,1,5,,,0,,,,,504000,,,,,,,,,,,,,,,,,
356,,1,5,,,0,,,,,504000,,,,,,,,,,,,,,,,,
357,,1,5,,,0,,,,,504000,,,,,,,,,,,,,,,,,
358,,1,5,,,0,,,,,504000,,,,,,,,,,,,,,,,,
359,,1,5,,,0,,,,,504000,,,,,,,,,,,,,,,,,
360,,1,5,,,0,,,,,504000,,,,,,,,,,,,,,,,,
361,,1,5,,,0,,,,,504000,,,,,,,,,,,,,,,,,
362,,1,5,,,0,,,,,504000,,,,,,,,,,,,,,,,,
363,,1,5,,,0,,,,,504000,,,,,,,,,,,,,,,,,
364,,1,5,,,0,,,,,504000,,,,,,,,,,,,,,,,,
365,,1,5,,,0,,,,,504000,,,,,,,,,,,,,,,,,
366,,1,5,,,0,,,,,504000,,,,,,,,,,,,,,,,,
367,,1,5,,,0,,,,,504000,,,,,,,,,,,,,,,,,
368,,1,5,,,0,,,,,504000,,,,,,,,,,,,,,,,,
369,,1,5,,,0,,,,,504000,,,,,,,,,,,,,,,,,
370,,1,5,,,0,,,,,504000,,,,,,,,,,,,,,,,,
371,,1,5,,,0,,,,,504000,,,,,,,,,,,,,,,,,
372,,1,5,,,0,,,,,504000,,,,,,,,,,,,,,,,,
373,,1,5,,,0,,,,,504000,,,,,,,,,,,,,,,,,
374,,1,5,,,0,,,,,504000,,,,,,,,,,,,,,,,,
375,,1,5,,,0,,,,,504000,,,,,,,,,,,,,,,,,
376,,1,5,,,0,,,,,504000,,,,,,,,,,,,,,,,,
377,,1,5,,,0,,,,,504000,,,,,,,,,,,,,,,,,
378,,1,5,,,0,,,,,504000,,,,,,,,,,,,,,,,,
379,,1,5,,,0,,,,,504000,,,,,,,,,,,,,,,,,
380,,1,5,,,0,,,,,504000,,,,,,,,,,,,,,,,,
381,,1,5,,,0,,,,,504000,,,,,,,,,,,,,,,,,
382,,1,5,,,0,,,,,504000,,,,,,,,,,,,,,,,,
383,,1,5,,,0,,,,,504000,,,,,,,,,,,,,,,,,
384,,1,5,,,0,,,,,504000,,,,,,,,,,,,,,,,,
385,,1,5,,,0,,,,,504000,,,,,,,,,,,,,,,,,
386,,1,5,,,0,,,,,504000,,,,,,,,,,,,,,,,,
387,,1,5,,,0,,,,,504000,,,,,,,,,,,,,,,,,
388,,1,5,,,0,,,,,504000,,,,,,,,,,,,,,,,,
389,,1,5,,,0,,,,,504000,,,,,,,,,,,,,,,,,
390,,1,5,,,0,,,,,504000,,,,,,,,,,,,,,,,,
391,,1,5,,,0,,,,,504000,,,,,,,,,,,,,,,,,
392,,1,5,,,0,,,,,504000,,,,,,,,,,,,,,,,,
393,,1,5,,,0,,,,,504000,,,,,,,,,,,,,,,,,
394,,1,5,,,0,,,,,504000,,,,,,,,,,,,,,,,,
395,,1,5,,,0,,,,,504000,,,,,,,,,,,,,,,,,
396,,1,5,,,0,,,,,504000,,,,,,,,,,,,,,,,,
397,,1,5,,,0,,,,,504000,,,,,,,,,,,,,,,,,
398,,1,5,,,0,,,,,504000,,,,,,,,,,,,,,,,,
399,,1,5,,,0,,,,,504000,,,,,,,,,,,,,,,,,
400,,1,5,,,0,,,,,504000,,,,,,,,,,,,,,,,,
401,,1,,,,0,,,,,504000,,,,,,,,,,,,,,,,,
402,,1,,,,0,,,,,504000,,,,,,,,,,,,,,,,,
403,,1,,,,0,,,,,504000,,,,,,,,,,,,,,,,,
404,,1,,,,0,,,,,504000,,,,,,,,,,,,,,,,,
405,,1,,,,0,,,,,504000,,,,,,,,,,,,,,,,,
406,,1,,,,0,,,,,504000,,,,,,,,,,,,,,,,,
407,,1,,,,0,,,,,504000,,,,,,,,,,,,,,,,,
408,,1,,,,0,,,,,504000,,,,,,,,,,,,,,,,,
409,,1,,,,0,,,,,504000,,,,,,,,,,,,,,,,,
410,,1,,,,0,,,,,504000,,,,,,,,,,,,,,,,,
411,,1,,,,0,,,,,504000,,,,,,,,,,,,,,,,,
412,,1,,,,0,,,,,504000,,,,,,,,,,,,,,,,,
413,,1,,,,0,,,,,504000,,,,,,,,,,,,,,,,,
414,,1,,,,0,,,,,504000,,,,,,,,,,,,,,,,,
415,,1,,,,0,,,,,504000,,,,,,,,,,,,,,,,,
416,,1,,,,0,,,,,504000,,,,,,,,,,,,,,,,,
417,,1,,,,0,,,,,504000,,,,,,,,,,,,,,,,,
418,,1,,,,0,,,,,504000,,,,,,,,,,,,,,,,,
419,,1,,,,0,,,,,504000,,,,,,,,,,,,,,,,,
420,,1,,,,0,,,,,504000,,,,,,,,,,,,,,,,,
421,,1,,,,0,,,,,504000,,,,,,,,,,,,,,,,,
422,,1,,,,0,,,,,504000,,,,,,,,,,,,,,,,,
423,,1,,,,0,,,,,504000,,,,,,,,,,,,,,,,,
424,,1,,,,0,,,,,504000,,,,,,,,,,,,,,,,,
425,,1,,,,0,,,,,504000,,,,,,,,,,,,,,,,,
426,,1,,,,0,,,,,504000,,,,,,,,,,,,,,,,,
427,,1,,,,0,,,,,504000,,,,,,,,,,,,,,,,,
428,,1,,,,0,,,,,504000,,,,,,,,,,,,,,,,,
429,,1,,,,0,,,,,504000,,,,,,,,,,,,,,,,,
430,,1,,,,0,,,,,504000,,,,,,,,,,,,,,,,,
431,,1,,,,0,,,,,504000,,,,,,,,,,,,,,,,,
432,,1,,,,0,,,,,504000,,,,,,,,,,,,,,,,,
433,,1,,,,0,,,,,504000,,,,,,,,,,,,,,,,,
434,,1,,,,0,,,,,504000,,,,,,,,,,,,,,,,,
435,,1,,,,0,,,,,504000,,,,,,,,,,,,,,,,,
436,,1,,,,0,,,,,504000,,,,,,,,,,,,,,,,,
437,,1,,,,0,,,,,504000,,,,,,,,,,,,,,,,,
438,,1,,,,0,,,,,504000,,,,,,,,,,,,,,,,,
439,,1,,,,0,,,,,504000,,,,,,,,,,,,,,,,,
440,,1,,,,0,,,,,504000,,,,,,,,,,,,,,,,,
441,,1,,,,0,,,,,504000,,,,,,,,,,,,,,,,,
442,,1,,,,0,,,,,504000,,,,,,,,,,,,,,,,,
443,,1,,,,0,,,,,504000,,,,,,,,,,,,,,,,,
444,,1,,,,0,,,,,504000,,,,,,,,,,,,,,,,,
445,,1,,,,0,,,,,504000,,,,,,,,,,,,,,,,,
446,,1,,,,0,,,,,504000,,,,,,,,,,,,,,,,,
447,,1,,,,0,,,,,504000,,,,,,,,,,,,,,,,,
448,,1,,,,0,,,,,504000,,,,,,,,,,,,,,,,,
449,,1,,,,0,,,,,504000,,,,,,,,,,,,,,,,,
450,,1,,,,0,,,,,504000,,,,,,,,,,,,,,,,,
451,,1,,,,0,,,,,504000,,,,,,,,,,,,,,,,,
452,,1,,,,0,,,,,504000,,,,,,,,,,,,,,,,,
453,,1,,,,0,,,,,504000,,,,,,,,,,,,,,,,,
454,,1,,,,0,,,,,504000,,,,,,,,,,,,,,,,,
455,,1,,,,0,,,,,504000,,,,,,,,,,,,,,,,,
456,,1,,,,0,,,,,504000,,,,,,,,,,,,,,,,,
457,,1,,,,0,,,,,504000,,,,,,,,,,,,,,,,,
458,,1,,,,0,,,,,504000,,,,,,,,,,,,,,,,,
459,,1,,,,0,,,,,504000,,,,,,,,,,,,,,,,,
460,,1,,,,0,,,,,504000,,,,,,,,,,,,,,,,,
461,,1,,,,0,,,,,504000,,,,,,,,,,,,,,,,,
462,,1,,,,0,,,,,504000,,,,,,,,,,,,,,,,,
463,,1,,,,0,,,,,504000,,,,,,,,,,,,,,,,,
464,,1,,,,0,,,,,504000,,,,,,,,,,,,,,,,,
465,,1,,,,0,,,,,504000,,,,,,,,,,,,,,,,,
466,,1,,,,0,,,,,504000,,,,,,,,,,,,,,,,,
467,,1,,,,0,,,,,504000,,,,,,,,,,,,,,,,,
468,,1,,,,0,,,,,504000,,,,,,,,,,,,,,,,,
469,,1,,,,0,,,,,504000,,,,,,,,,,,,,,,,,
470,,1,,,,0,,,,,504000,,,,,,,,,,,,,,,,,
471,,1,,,,0,,,,,504000,,,,,,,,,,,,,,,,,
472,,1,,,,0,,,,,504000,,,,,,,,,,,,,,,,,
473,,1,,,,0,,,,,504000,,,,,,,,,,,,,,,,,
474,,1,,,,0,,,,,504000,,,,,,,,,,,,,,,,,
475,,1,,,,0,,,,,504000,,,,,,,,,,,,,,,,,
476,,1,,,,0,,,,,504000,,,,,,,,,,,,,,,,,
477,,1,,,,0,,,,,504000,,,,,,,,,,,,,,,,,
478,,1,,,,0,,,,,504000,,,,,,,,,,,,,,,,,
479,,1,,,,0,,,,,504000,,,,,,,,,,,,,,,,,
480,,1,,,,0,,,,,504000,,,,,,,,,,,,,,,,,
481,,1,,,,0,,,,,504000,,,,,,,,,,,,,,,,,
482,,1,,,,0,,,,,504000,,,,,,,,,,,,,,,,,
483,,1,,,,0,,,,,504000,,,,,,,,,,,,,,,,,
484,,1,,,,0,,,,,504000,,,,,,,,,,,,,,,,,
485,,1,,,,0,,,,,504000,,,,,,,,,,,,,,,,,
486,,1,,,,0,,,,,504000,,,,,,,,,,,,,,,,,
487,,1,,,,0,,,,,504000,,,,,,,,,,,,,,,,,
488,,1,,,,0,,,,,504000,,,,,,,,,,,,,,,,,
489,,1,,,,0,,,,,504000,,,,,,,,,,,,,,,,,
490,,1,,,,0,,,,,504000,,,,,,,,,,,,,,,,,
491,,1,,,,0,,,,,504000,,,,,,,,,,,,,,,,,
492,,1,,,,0,,,,,504000,,,,,,,,,,,,,,,,,
493,,1,,,,0,,,,,504000,,,,,,,,,,,,,,,,,
494,,1,,,,0,,,,,504000,,,,,,,,,,,,,,,,,
495,,1,,,,0,,,,,504000,,,,,,,,,,,,,,,,,
496,,1,,,,0,,,,,504000,,,,,,,,,,,,,,,,,
497,,1,,,,0,,,,,504000,,,,,,,,,,,,,,,,,
498,,1,,,,0,,,,,504000,,,,,,,,,,,,,,,,,
499,,1,,,,0,,,,,504000,,,,,,,,,,,,,,,,,
500,,1,,,,0,,,,,504000,,,,,,,,,,,,,,,,,
501,,1,,,,0,,,,,504000,,,,,,,,,,,,,,,,,
502,,1,,,,0,,,,,504000,,,,,,,,,,,,,,,,,
503,,1,,,,0,,,,,504000,,,,,,,,,,,,,,,,,
504,,1,,,,0,,,,,504000,,,,,,,,,,,,,,,,,
505,,1,,,,0,,,,,504000,,,,,,,,,,,,,,,,,
506,,1,,,,0,,,,,504000,,,,,,,,,,,,,,,,,
507,,1,,,,0,,,,,504000,,,,,,,,,,,,,,,,,
508,,1,,,,0,,,,,504000,,,,,,,,,,,,,,,,,
509,,1,,,,0,,,,,504000,,,,,,,,,,,,,,,,,
510,,1,,,,0,,,,,504000,,,,,,,,,,,,,,,,,
511,,1,,,,0,,,,,504000,,,,,,,,,,,,,,,,,
512,,1,,,,0,,,,,504000,,,,,,,,,,,,,,,,,
513,,1,,,,0,,,,,504000,,,,,,,,,,,,,,,,,
514,,1,,,,0,,,,,504000,,,,,,,,,,,,,,,,,
515,,1,,,,0,,,,,504000,,,,,,,,,,,,,,,,,
516,,1,,,,0,,,,,504000,,,,,,,,,,,,,,,,,
517,,1,,,,0,,,,,504000,,,,,,,,,,,,,,,,,
518,,1,,,,0,,,,,504000,,,,,,,,,,,,,,,,,
519,,1,,,,0,,,,,504000,,,,,,,,,,,,,,,,,
520,,1,,,,0,,,,,504000,,,,,,,,,,,,,,,,,
521,,1,,,,0,,,,,504000,,,,,,,,,,,,,,,,,
522,,1,,,,0,,,,,504000,,,,,,,,,,,,,,,,,
523,,1,,,,0,,,,,504000,,,,,,,,,,,,,,,,,
524,,1,,,,0,,,,,504000,,,,,,,,,,,,,,,,,
525,,1,,,,0,,,,,504000,,,,,,,,,,,,,,,,,
526,,1,,,,0,,,,,504000,,,,,,,,,,,,,,,,,
527,,1,,,,0,,,,,504000,,,,,,,,,,,,,,,,,
528,,1,,,,0,,,,,504000,,,,,,,,,,,,,,,,,
529,,1,,,,0,,,,,504000,,,,,,,,,,,,,,,,,
530,,1,,,,0,,,,,504000,,,,,,,,,,,,,,,,,
531,,1,,,,0,,,,,504000,,,,,,,,,,,,,,,,,
532,,1,,,,0,,,,,504000,,,,,,,,,,,,,,,,,
533,,1,,,,0,,,,,504000,,,,,,,,,,,,,,,,,
534,,1,,,,0,,,,,504000,,,,,,,,,,,,,,,,,
535,,1,,,,0,,,,,504000,,,,,,,,,,,,,,,,,
536,,1,,,,0,,,,,504000,,,,,,,,,,,,,,,,,
537,,1,,,,0,,,,,504000,,,,,,,,,,,,,,,,,
538,,1,,,,0,,,,,504000,,,,,,,,,,,,,,,,,
539,,1,,,,0,,,,,504000,,,,,,,,,,,,,,,,,
540,,1,,,,0,,,,,504000,,,,,,,,,,,,,,,,,
541,,1,,,,0,,,,,504000,,,,,,,,,,,,,,,,,
542,,1,,,,0,,,,,504000,,,,,,,,,,,,,,,,,
543,,1,,,,0,,,,,504000,,,,,,,,,,,,,,,,,
544,,1,,,,0,,,,,504000,,,,,,,,,,,,,,,,,
545,,1,,,,0,,,,,504000,,,,,,,,,,,,,,,,,
546,,1,,,,0,,,,,504000,,,,,,,,,,,,,,,,,
547,,1,,,,0,,,,,504000,,,,,,,,,,,,,,,,,
548,,1,,,,0,,,,,504000,,,,,,,,,,,,,,,,,
549,,1,,,,0,,,,,504000,,,,,,,,,,,,,,,,,
550,,1,,,,0,,,,,504000,,,,,,,,,,,,,,,,,
551,,1,,,,0,,,,,504000,,,,,,,,,,,,,,,,,
552,,1,,,,0,,,,,504000,,,,,,,,,,,,,,,,,
553,,1,,,,0,,,,,504000,,,,,,,,,,,,,,,,,
554,,1,,,,0,,,,,504000,,,,,,,,,,,,,,,,,
555,,1,,,,0,,,,,504000,,,,,,,,,,,,,,,,,
556,,1,,,,0,,,,,504000,,,,,,,,,,,,,,,,,
557,,1,,,,0,,,,,504000,,,,,,,,,,,,,,,,,
558,,1,,,,0,,,,,504000,,,,,,,,,,,,,,,,,
559,,1,,,,0,,,,,504000,,,,,,,,,,,,,,,,,
560,,1,,,,0,,,,,504000,,,,,,,,,,,,,,,,,
561,,1,,,,0,,,,,504000,,,,,,,,,,,,,,,,,
562,,1,,,,0,,,,,504000,,,,,,,,,,,,,,,,,
563,,1,,,,0,,,,,504000,,,,,,,,,,,,,,,,,
564,,1,,,,0,,,,,504000,,,,,,,,,,,,,,,,,
565,,1,,,,0,,,,,504000,,,,,,,,,,,,,,,,,
566,,1,,,,0,,,,,504000,,,,,,,,,,,,,,,,,
567,,1,,,,0,,,,,504000,,,,,,,,,,,,,,,,,
568,,1,,,,0,,,,,504000,,,,,,,,,,,,,,,,,
569,,1,,,,0,,,,,504000,,,,,,,,,,,,,,,,,
570,,1,,,,0,,,,,504000,,,,,,,,,,,,,,,,,
571,,1,,,,0,,,,,504000,,,,,,,,,,,,,,,,,
572,,1,,,,0,,,,,504000,,,,,,,,,,,,,,,,,
573,,1,,,,0,,,,,504000,,,,,,,,,,,,,,,,,
574,,1,,,,0,,,,,504000,,,,,,,,,,,,,,,,,
575,,1,,,,0,,,,,504000,,,,,,,,,,,,,,,,,
576,,1,,,,0,,,,,504000,,,,,,,,,,,,,,,,,
577,,1,,,,0,,,,,504000,,,,,,,,,,,,,,,,,
578,,1,,,,0,,,,,504000,,,,,,,,,,,,,,,,,
579,,1,,,,0,,,,,504000,,,,,,,,,,,,,,,,,
580,,1,,,,0,,,,,504000,,,,,,,,,,,,,,,,,
581,,1,,,,0,,,,,504000,,,,,,,,,,,,,,,,,
582,,1,,,,0,,,,,504000,,,,,,,,,,,,,,,,,
583,,1,,,,0,,,,,504000,,,,,,,,,,,,,,,,,
584,,1,,,,0,,,,,504000,,,,,,,,,,,,,,,,,
585,,1,,,,0,,,,,504000,,,,,,,,,,,,,,,,,
586,,1,,,,0,,,,,504000,,,,,,,,,,,,,,,,,
587,,1,,,,0,,,,,504000,,,,,,,,,,,,,,,,,
588,,1,,,,0,,,,,504000,,,,,,,,,,,,,,,,,
589,,1,,,,0,,,,,504000,,,,,,,,,,,,,,,,,
590,,1,,,,0,,,,,504000,,,,,,,,,,,,,,,,,
591,,1,,,,0,,,,,504000,,,,,,,,,,,,,,,,,
592,,1,,,,0,,,,,504000,,,,,,,,,,,,,,,,,
593,,1,,,,0,,,,,504000,,,,,,,,,,,,,,,,,
594,,1,,,,0,,,,,504000,,,,,,,,,,,,,,,,,
595,,1,,,,0,,,,,504000,,,,,,,,,,,,,,,,,
596,,1,,,,0,,,,,504000,,,,,,,,,,,,,,,,,
597,,1,,,,0,,,,,504000,,,,,,,,,,,,,,,,,
598,,1,,,,0,,,,,504000,,,,,,,,,,,,,,,,,
599,,1,,,,0,,,,,504000,,,,,,,,,,,,,,,,,
600,,1,,,,0,,,,,504000,,,,,,,,,,,,,,,,,
601,,1,,,,0,,,,,504000,,,,,,,,,,,,,,,,,
602,,1,,,,0,,,,,504000,,,,,,,,,,,,,,,,,
603,,1,,,,0,,,,,504000,,,,,,,,,,,,,,,,,
604,,1,,,,0,,,,,504000,,,,,,,,,,,,,,,,,
605,,1,,,,0,,,,,504000,,,,,,,,,,,,,,,,,
606,,1,,,,0,,,,,504000,,,,,,,,,,,,,,,,,
607,,1,,,,0,,,,,504000,,,,,,,,,,,,,,,,,
608,,1,,,,0,,,,,504000,,,,,,,,,,,,,,,,,
609,,1,,,,0,,,,,504000,,,,,,,,,,,,,,,,,
610,,1,,,,0,,,,,504000,,,,,,,,,,,,,,,,,
611,,1,,,,0,,,,,504000,,,,,,,,,,,,,,,,,
612,,1,,,,0,,,,,504000,,,,,,,,,,,,,,,,,
613,,1,,,,0,,,,,504000,,,,,,,,,,,,,,,,,
614,,1,,,,0,,,,,504000,,,,,,,,,,,,,,,,,
615,,1,,,,0,,,,,504000,,,,,,,,,,,,,,,,,
616,,1,,,,0,,,,,504000,,,,,,,,,,,,,,,,,
617,,1,,,,0,,,,,504000,,,,,,,,,,,,,,,,,
618,,1,,,,0,,,,,504000,,,,,,,,,,,,,,,,,
619,,1,,,,0,,,,,504000,,,,,,,,,,,,,,,,,
620,,1,,,,0,,,,,504000,,,,,,,,,,,,,,,,,
621,,1,,,,0,,,,,504000,,,,,,,,,,,,,,,,,
622,,1,,,,0,,,,,504000,,,,,,,,,,,,,,,,,
623,,1,,,,0,,,,,504000,,,,,,,,,,,,,,,,,
624,,1,,,,0,,,,,504000,,,,,,,,,,,,,,,,,
625,,1,,,,0,,,,,504000,,,,,,,,,,,,,,,,,
626,,1,,,,0,,,,,504000,,,,,,,,,,,,,,,,,
627,,1,,,,0,,,,,504000,,,,,,,,,,,,,,,,,
628,,1,,,,0,,,,,504000,,,,,,,,,,,,,,,,,
629,,1,,,,0,,,,,504000,,,,,,,,,,,,,,,,,
630,,1,,,,0,,,,,504000,,,,,,,,,,,,,,,,,
631,,1,,,,0,,,,,504000,,,,,,,,,,,,,,,,,
632,,1,,,,0,,,,,504000,,,,,,,,,,,,,,,,,
633,,1,,,,0,,,,,504000,,,,,,,,,,,,,,,,,
634,,1,,,,0,,,,,504000,,,,,,,,,,,,,,,,,
635,,1,,,,0,,,,,504000,,,,,,,,,,,,,,,,,
636,,1,,,,0,,,,,504000,,,,,,,,,,,,,,,,,
637,,1,,,,0,,,,,504000,,,,,,,,,,,,,,,,,
638,,1,,,,0,,,,,504000,,,,,,,,,,,,,,,,,
639,,1,,,,0,,,,,504000,,,,,,,,,,,,,,,,,
640,,1,,,,0,,,,,504000,,,,,,,,,,,,,,,,,
641,,1,,,,0,,,,,504000,,,,,,,,,,,,,,,,,
642,,1,,,,0,,,,,504000,,,,,,,,,,,,,,,,,
643,,1,,,,0,,,,,504000,,,,,,,,,,,,,,,,,
644,,1,,,,0,,,,,504000,,,,,,,,,,,,,,,,,
645,,1,,,,0,,,,,504000,,,,,,,,,,,,,,,,,
646,,1,,,,0,,,,,504000,,,,,,,,,,,,,,,,,
647,,1,,,,0,,,,,504000,,,,,,,,,,,,,,,,,
648,,1,,,,0,,,,,504000,,,,,,,,,,,,,,,,,
649,,1,,,,0,,,,,504000,,,,,,,,,,,,,,,,,
650,,1,,,,0,,,,,504000,,,,,,,,,,,,,,,,,
651,,1,,,,0,,,,,504000,,,,,,,,,,,,,,,,,
652,,1,,,,0,,,,,504000,,,,,,,,,,,,,,,,,
653,,1,,,,0,,,,,504000,,,,,,,,,,,,,,,,,
654,,1,,,,0,,,,,504000,,,,,,,,,,,,,,,,,
655,,1,,,,0,,,,,504000,,,,,,,,,,,,,,,,,
656,,1,,,,0,,,,,504000,,,,,,,,,,,,,,,,,
657,,1,,,,0,,,,,504000,,,,,,,,,,,,,,,,,
658,,1,,,,0,,,,,504000,,,,,,,,,,,,,,,,,
659,,1,,,,0,,,,,504000,,,,,,,,,,,,,,,,,
660,,1,,,,0,,,,,504000,,,,,,,,,,,,,,,,,
661,,1,,,,0,,,,,504000,,,,,,,,,,,,,,,,,
662,,1,,,,0,,,,,504000,,,,,,,,,,,,,,,,,
663,,1,,,,0,,,,,504000,,,,,,,,,,,,,,,,,
664,,1,,,,0,,,,,504000,,,,,,,,,,,,,,,,,
665,,1,,,,0,,,,,504000,,,,,,,,,,,,,,,,,
666,,1,,,,0,,,,,504000,,,,,,,,,,,,,,,,,
667,,1,,,,0,,,,,504000,,,,,,,,,,,,,,,,,
668,,1,,,,0,,,,,504000,,,,,,,,,,,,,,,,,
669,,1,,,,0,,,,,504000,,,,,,,,,,,,,,,,,
670,,1,,,,0,,,,,504000,,,,,,,,,,,,,,,,,
671,,1,,,,0,,,,,504000,,,,,,,,,,,,,,,,,
672,,1,,,,0,,,,,504000,,,,,,,,,,,,,,,,,
673,,1,,,,0,,,,,504000,,,,,,,,,,,,,,,,,
674,,1,,,,0,,,,,504000,,,,,,,,,,,,,,,,,
675,,1,,,,0,,,,,504000,,,,,,,,,,,,,,,,,
676,,1,,,,0,,,,,504000,,,,,,,,,,,,,,,,,
677,,1,,,,0,,,,,504000,,,,,,,,,,,,,,,,,
678,,1,,,,0,,,,,504000,,,,,,,,,,,,,,,,,
679,,1,,,,0,,,,,504000,,,,,,,,,,,,,,,,,
680,,1,,,,0,,,,,504000,,,,,,,,,,,,,,,,,
681,,1,,,,0,,,,,504000,,,,,,,,,,,,,,,,,
682,,1,,,,0,,,,,504000,,,,,,,,,,,,,,,,,
683,,1,,,,0,,,,,504000,,,,,,,,,,,,,,,,,
684,,1,,,,0,,,,,504000,,,,,,,,,,,,,,,,,
685,,1,,,,0,,,,,504000,,,,,,,,,,,,,,,,,
686,,1,,,,0,,,,,504000,,,,,,,,,,,,,,,,,
687,,1,,,,0,,,,,504000,,,,,,,,,,,,,,,,,
688,,1,,,,0,,,,,504000,,,,,,,,,,,,,,,,,
689,,1,,,,0,,,,,504000,,,,,,,,,,,,,,,,,
690,,1,,,,0,,,,,504000,,,,,,,,,,,,,,,,,
691,,1,,,,0,,,,,504000,,,,,,,,,,,,,,,,,
692,,1,,,,0,,,,,504000,,,,,,,,,,,,,,,,,
693,,1,,,,0,,,,,504000,,,,,,,,,,,,,,,,,
694,,1,,,,0,,,,,504000,,,,,,,,,,,,,,,,,
695,,1,,,,0,,,,,504000,,,,,,,,,,,,,,,,,
696,,1,,,,0,,,,,504000,,,,,,,,,,,,,,,,,
697,,1,,,,0,,,,,504000,,,,,,,,,,,,,,,,,
698,,1,,,,0,,,,,504000,,,,,,,,,,,,,,,,,
699,,1,,,,0,,,,,504000,,,,,,,,,,,,,,,,,
700,,1,,,,0,,,,,504000,,,,,,,,,,,,,,,,,
701,,1,,,,0,,,,,504000,,,,,,,,,,,,,,,,,
702,,1,,,,0,,,,,504000,,,,,,,,,,,,,,,,,
703,,1,,,,0,,,,,504000,,,,,,,,,,,,,,,,,
704,,1,,,,0,,,,,504000,,,,,,,,,,,,,,,,,
705,,1,,,,0,,,,,504000,,,,,,,,,,,,,,,,,
706,,1,,,,0,,,,,504000,,,,,,,,,,,,,,,,,
707,,1,,,,0,,,,,504000,,,,,,,,,,,,,,,,,
708,,1,,,,0,,,,,504000,,,,,,,,,,,,,,,,,
709,,1,,,,0,,,,,504000,,,,,,,,,,,,,,,,,
710,,1,,,,0,,,,,504000,,,,,,,,,,,,,,,,,
711,,1,,,,0,,,,,504000,,,,,,,,,,,,,,,,,
712,,1,,,,0,,,,,504000,,,,,,,,,,,,,,,,,
713,,1,,,,0,,,,,504000,,,,,,,,,,,,,,,,,
714,,1,,,,0,,,,,504000,,,,,,,,,,,,,,,,,
715,,1,,,,0,,,,,504000,,,,,,,,,,,,,,,,,
716,,1,,,,0,,,,,504000,,,,,,,,,,,,,,,,,
717,,1,,,,0,,,,,504000,,,,,,,,,,,,,,,,,
718,,1,,,,0,,,,,504000,,,,,,,,,,,,,,,,,
719,,1,,,,0,,,,,504000,,,,,,,,,,,,,,,,,
720,,1,,,,0,,,,,504000,,,,,,,,,,,,,,,,,
721,,1,,,,0,,,,,504000,,,,,,,,,,,,,,,,,
722,,1,,,,0,,,,,504000,,,,,,,,,,,,,,,,,
723,,1,,,,0,,,,,504000,,,,,,,,,,,,,,,,,
724,,1,,,,0,,,,,504000,,,,,,,,,,,,,,,,,
725,,1,,,,0,,,,,504000,,,,,,,,,,,,,,,,,
726,,1,,,,0,,,,,504000,,,,,,,,,,,,,,,,,
727,,1,,,,0,,,,,504000,,,,,,,,,,,,,,,,,
728,,1,,,,0,,,,,504000,,,,,,,,,,,,,,,,,
729,,1,,,,0,,,,,504000,,,,,,,,,,,,,,,,,
730,,1,,,,0,,,,,504000,,,,,,,,,,,,,,,,,
731,,1,,,,0,,,,,504000,,,,,,,,,,,,,,,,,
732,,1,,,,0,,,,,504000,,,,,,,,,,,,,,,,,
733,,1,,,,0,,,,,504000,,,,,,,,,,,,,,,,,
734,,1,,,,0,,,,,504000,,,,,,,,,,,,,,,,,
735,,1,,,,0,,,,,504000,,,,,,,,,,,,,,,,,
736,,1,,,,0,,,,,504000,,,,,,,,,,,,,,,,,
737,,1,,,,0,,,,,504000,,,,,,,,,,,,,,,,,
738,,1,,,,0,,,,,504000,,,,,,,,,,,,,,,,,
739,,1,,,,0,,,,,504000,,,,,,,,,,,,,,,,,
740,,1,,,,0,,,,,504000,,,,,,,,,,,,,,,,,
741,,1,,,,0,,,,,504000,,,,,,,,,,,,,,,,,
742,,1,,,,0,,,,,504000,,,,,,,,,,,,,,,,,
743,,1,,,,0,,,,,504000,,,,,,,,,,,,,,,,,
744,,1,,,,0,,,,,504000,,,,,,,,,,,,,,,,,
745,,1,,,,0,,,,,504000,,,,,,,,,,,,,,,,,
746,,1,,,,0,,,,,504000,,,,,,,,,,,,,,,,,
747,,1,,,,0,,,,,504000,,,,,,,,,,,,,,,,,
748,,1,,,,0,,,,,504000,,,,,,,,,,,,,,,,,
749,,1,,,,0,,,,,504000,,,,,,,,,,,,,,,,,
750,,1,,,,0,,,,,504000,,,,,,,,,,,,,,,,,
751,,1,,,,0,,,,,504000,,,,,,,,,,,,,,,,,
752,,1,,,,0,,,,,504000,,,,,,,,,,,,,,,,,
753,,1,,,,0,,,,,504000,,,,,,,,,,,,,,,,,
754,,1,,,,0,,,,,504000,,,,,,,,,,,,,,,,,
755,,1,,,,0,,,,,504000,,,,,,,,,,,,,,,,,
756,,1,,,,0,,,,,504000,,,,,,,,,,,,,,,,,
757,,1,,,,0,,,,,504000,,,,,,,,,,,,,,,,,
758,,1,,,,0,,,,,504000,,,,,,,,,,,,,,,,,
759,,1,,,,0,,,,,504000,,,,,,,,,,,,,,,,,
760,,1,,,,0,,,,,504000,,,,,,,,,,,,,,,,,
761,,1,,,,0,,,,,504000,,,,,,,,,,,,,,,,,
762,,1,,,,0,,,,,504000,,,,,,,,,,,,,,,,,
763,,1,,,,0,,,,,504000,,,,,,,,,,,,,,,,,
764,,1,,,,0,,,,,504000,,,,,,,,,,,,,,,,,
765,,1,,,,0,,,,,504000,,,,,,,,,,,,,,,,,
766,,1,,,,0,,,,,504000,,,,,,,,,,,,,,,,,
767,,1,,,,0,,,,,504000,,,,,,,,,,,,,,,,,
768,,1,,,,0,,,,,504000,,,,,,,,,,,,,,,,,
769,,1,,,,0,,,,,504000,,,,,,,,,,,,,,,,,
770,,1,,,,0,,,,,504000,,,,,,,,,,,,,,,,,
771,,1,,,,0,,,,,504000,,,,,,,,,,,,,,,,,
772,,1,,,,0,,,,,504000,,,,,,,,,,,,,,,,,
773,,1,,,,0,,,,,504000,,,,,,,,,,,,,,,,,
774,,1,,,,0,,,,,504000,,,,,,,,,,,,,,,,,
775,,1,,,,0,,,,,504000,,,,,,,,,,,,,,,,,
776,,1,,,,0,,,,,504000,,,,,,,,,,,,,,,,,
777,,1,,,,0,,,,,504000,,,,,,,,,,,,,,,,,
778,,1,,,,0,,,,,504000,,,,,,,,,,,,,,,,,
779,,1,,,,0,,,,,504000,,,,,,,,,,,,,,,,,
780,,1,,,,0,,,,,504000,,,,,,,,,,,,,,,,,
781,,1,,,,0,,,,,504000,,,,,,,,,,,,,,,,,
782,,1,,,,0,,,,,504000,,,,,,,,,,,,,,,,,
783,,1,,,,0,,,,,504000,,,,,,,,,,,,,,,,,
784,,1,,,,0,,,,,504000,,,,,,,,,,,,,,,,,
785,,1,,,,0,,,,,504000,,,,,,,,,,,,,,,,,
786,,1,,,,0,,,,,504000,,,,,,,,,,,,,,,,,
787,,1,,,,0,,,,,504000,,,,,,,,,,,,,,,,,
788,,1,,,,0,,,,,504000,,,,,,,,,,,,,,,,,
789,,1,,,,0,,,,,504000,,,,,,,,,,,,,,,,,
790,,1,,,,0,,,,,504000,,,,,,,,,,,,,,,,,
791,,1,,,,0,,,,,504000,,,,,,,,,,,,,,,,,
792,,1,,,,0,,,,,504000,,,,,,,,,,,,,,,,,
793,,1,,,,0,,,,,504000,,,,,,,,,,,,,,,,,
794,,1,,,,0,,,,,504000,,,,,,,,,,,,,,,,,
795,,1,,,,0,,,,,504000,,,,,,,,,,,,,,,,,
796,,1,,,,0,,,,,504000,,,,,,,,,,,,,,,,,
797,,1,,,,0,,,,,504000,,,,,,,,,,,,,,,,,
798,,1,,,,0,,,,,504000,,,,,,,,,,,,,,,,,
799,,1,,,,0,,,,,504000,,,,,,,,,,,,,,,,,
800,,1,,,,0,,,,,504000,,,,,,,,,,,,,,,,,
801,,1,,,,0,,,,,504000,,,,,,,,,,,,,,,,,
802,,1,,,,0,,,,,504000,,,,,,,,,,,,,,,,,
803,,1,,,,0,,,,,504000,,,,,,,,,,,,,,,,,
804,,1,,,,0,,,,,504000,,,,,,,,,,,,,,,,,
805,,1,,,,0,,,,,504000,,,,,,,,,,,,,,,,,
806,,1,,,,0,,,,,504000,,,,,,,,,,,,,,,,,
807,,1,,,,0,,,,,504000,,,,,,,,,,,,,,,,,
808,,1,,,,0,,,,,504000,,,,,,,,,,,,,,,,,
809,,1,,,,0,,,,,504000,,,,,,,,,,,,,,,,,
810,,1,,,,0,,,,,504000,,,,,,,,,,,,,,,,,
811,,1,,,,0,,,,,504000,,,,,,,,,,,,,,,,,
812,,1,,,,0,,,,,504000,,,,,,,,,,,,,,,,,
813,,1,,,,0,,,,,504000,,,,,,,,,,,,,,,,,
814,,1,,,,0,,,,,504000,,,,,,,,,,,,,,,,,
815,,1,,,,0,,,,,504000,,,,,,,,,,,,,,,,,
816,,1,,,,0,,,,,504000,,,,,,,,,,,,,,,,,
817,,1,,,,0,,,,,504000,,,,,,,,,,,,,,,,,
818,,1,,,,0,,,,,504000,,,,,,,,,,,,,,,,,
819,,1,,,,0,,,,,504000,,,,,,,,,,,,,,,,,
820,,1,,,,0,,,,,504000,,,,,,,,,,,,,,,,,
821,,1,,,,0,,,,,504000,,,,,,,,,,,,,,,,,
822,,1,,,,0,,,,,504000,,,,,,,,,,,,,,,,,
823,,1,,,,0,,,,,504000,,,,,,,,,,,,,,,,,
824,,1,,,,0,,,,,504000,,,,,,,,,,,,,,,,,
825,,1,,,,0,,,,,504000,,,,,,,,,,,,,,,,,
826,,1,,,,0,,,,,504000,,,,,,,,,,,,,,,,,
827,,1,,,,0,,,,,504000,,,,,,,,,,,,,,,,,
828,,1,,,,0,,,,,504000,,,,,,,,,,,,,,,,,
829,,1,,,,0,,,,,504000,,,,,,,,,,,,,,,,,
830,,1,,,,0,,,,,504000,,,,,,,,,,,,,,,,,
831,,1,,,,0,,,,,504000,,,,,,,,,,,,,,,,,
832,,1,,,,0,,,,,504000,,,,,,,,,,,,,,,,,
833,,1,,,,0,,,,,504000,,,,,,,,,,,,,,,,,
834,,1,,,,0,,,,,504000,,,,,,,,,,,,,,,,,
835,,1,,,,0,,,,,504000,,,,,,,,,,,,,,,,,
836,,1,,,,0,,,,,504000,,,,,,,,,,,,,,,,,
837,,1,,,,0,,,,,504000,,,,,,,,,,,,,,,,,
838,,1,,,,0,,,,,504000,,,,,,,,,,,,,,,,,
839,,1,,,,0,,,,,504000,,,,,,,,,,,,,,,,,
840,,1,,,,0,,,,,504000,,,,,,,,,,,,,,,,,
841,,1,,,,0,,,,,504000,,,,,,,,,,,,,,,,,
842,,1,,,,0,,,,,504000,,,,,,,,,,,,,,,,,
843,,1,,,,0,,,,,504000,,,,,,,,,,,,,,,,,
844,,1,,,,0,,,,,504000,,,,,,,,,,,,,,,,,
845,,1,,,,0,,,,,504000,,,,,,,,,,,,,,,,,
846,,1,,,,0,,,,,504000,,,,,,,,,,,,,,,,,
847,,1,,,,0,,,,,504000,,,,,,,,,,,,,,,,,
848,,1,,,,0,,,,,504000,,,,,,,,,,,,,,,,,
849,,1,,,,0,,,,,504000,,,,,,,,,,,,,,,,,
850,,1,,,,0,,,,,504000,,,,,,,,,,,,,,,,,
851,,1,,,,0,,,,,504000,,,,,,,,,,,,,,,,,
852,,1,,,,0,,,,,504000,,,,,,,,,,,,,,,,,
853,,1,,,,0,,,,,504000,,,,,,,,,,,,,,,,,
854,,1,,,,0,,,,,504000,,,,,,,,,,,,,,,,,
855,,1,,,,0,,,,,504000,,,,,,,,,,,,,,,,,
856,,1,,,,0,,,,,504000,,,,,,,,,,,,,,,,,
857,,1,,,,0,,,,,504000,,,,,,,,,,,,,,,,,
858,,1,,,,0,,,,,504000,,,,,,,,,,,,,,,,,
859,,1,,,,0,,,,,504000,,,,,,,,,,,,,,,,,
860,,1,,,,0,,,,,504000,,,,,,,,,,,,,,,,,
861,,1,,,,0,,,,,504000,,,,,,,,,,,,,,,,,
862,,1,,,,0,,,,,504000,,,,,,,,,,,,,,,,,
863,,1,,,,0,,,,,504000,,,,,,,,,,,,,,,,,
864,,1,,,,0,,,,,504000,,,,,,,,,,,,,,,,,
865,,1,,,,0,,,,,504000,,,,,,,,,,,,,,,,,
866,,1,,,,0,,,,,504000,,,,,,,,,,,,,,,,,
867,,1,,,,0,,,,,504000,,,,,,,,,,,,,,,,,
868,,1,,,,0,,,,,504000,,,,,,,,,,,,,,,,,
869,,1,,,,0,,,,,504000,,,,,,,,,,,,,,,,,
870,,1,,,,0,,,,,504000,,,,,,,,,,,,,,,,,
871,,1,,,,0,,,,,504000,,,,,,,,,,,,,,,,,
872,,1,,,,0,,,,,504000,,,,,,,,,,,,,,,,,
873,,1,,,,0,,,,,504000,,,,,,,,,,,,,,,,,
874,,1,,,,0,,,,,504000,,,,,,,,,,,,,,,,,
875,,1,,,,0,,,,,504000,,,,,,,,,,,,,,,,,
876,,1,,,,0,,,,,504000,,,,,,,,,,,,,,,,,
877,,1,,,,0,,,,,504000,,,,,,,,,,,,,,,,,
878,,1,,,,0,,,,,504000,,,,,,,,,,,,,,,,,
879,,1,,,,0,,,,,504000,,,,,,,,,,,,,,,,,
880,,1,,,,0,,,,,504000,,,,,,,,,,,,,,,,,
881,,1,,,,0,,,,,504000,,,,,,,,,,,,,,,,,
882,,1,,,,0,,,,,504000,,,,,,,,,,,,,,,,,
883,,1,,,,0,,,,,504000,,,,,,,,,,,,,,,,,
884,,1,,,,0,,,,,504000,,,,,,,,,,,,,,,,,
885,,1,,,,0,,,,,504000,,,,,,,,,,,,,,,,,
886,,1,,,,0,,,,,504000,,,,,,,,,,,,,,,,,
887,,1,,,,0,,,,,504000,,,,,,,,,,,,,,,,,
888,,1,,,,0,,,,,504000,,,,,,,,,,,,,,,,,
889,,1,,,,0,,,,,504000,,,,,,,,,,,,,,,,,
890,,1,,,,0,,,,,504000,,,,,,,,,,,,,,,,,
891,,1,,,,0,,,,,504000,,,,,,,,,,,,,,,,,
892,,1,,,,0,,,,,504000,,,,,,,,,,,,,,,,,
893,,1,,,,0,,,,,504000,,,,,,,,,,,,,,,,,
894,,1,,,,0,,,,,504000,,,,,,,,,,,,,,,,,
895,,1,,,,0,,,,,504000,,,,,,,,,,,,,,,,,
896,,1,,,,0,,,,,504000,,,,,,,,,,,,,,,,,
897,,1,,,,0,,,,,504000,,,,,,,,,,,,,,,,,
898,,1,,,,0,,,,,504000,,,,,,,,,,,,,,,,,
899,,1,,,,0,,,,,504000,,,,,,,,,,,,,,,,,
900,,1,,,,0,,,,,504000,,,,,,,,,,,,,,,,,
901,,1,,,,0,,,,,504000,,,,,,,,,,,,,,,,,
902,,1,,,,0,,,,,504000,,,,,,,,,,,,,,,,,
903,,1,,,,0,,,,,504000,,,,,,,,,,,,,,,,,
904,,1,,,,0,,,,,504000,,,,,,,,,,,,,,,,,
905,,1,,,,0,,,,,504000,,,,,,,,,,,,,,,,,
906,,1,,,,0,,,,,504000,,,,,,,,,,,,,,,,,
907,,1,,,,0,,,,,504000,,,,,,,,,,,,,,,,,
908,,1,,,,0,,,,,504000,,,,,,,,,,,,,,,,,
909,,1,,,,0,,,,,504000,,,,,,,,,,,,,,,,,
910,,1,,,,0,,,,,504000,,,,,,,,,,,,,,,,,
911,,1,,,,0,,,,,504000,,,,,,,,,,,,,,,,,
912,,1,,,,0,,,,,504000,,,,,,,,,,,,,,,,,
913,,1,,,,0,,,,,504000,,,,,,,,,,,,,,,,,
914,,1,,,,0,,,,,504000,,,,,,,,,,,,,,,,,
915,,1,,,,0,,,,,504000,,,,,,,,,,,,,,,,,
916,,1,,,,0,,,,,504000,,,,,,,,,,,,,,,,,
917,,1,,,,0,,,,,504000,,,,,,,,,,,,,,,,,
918,,1,,,,0,,,,,504000,,,,,,,,,,,,,,,,,
919,,1,,,,0,,,,,504000,,,,,,,,,,,,,,,,,
920,,1,,,,0,,,,,504000,,,,,,,,,,,,,,,,,
921,,1,,,,0,,,,,504000,,,,,,,,,,,,,,,,,
922,,1,,,,0,,,,,504000,,,,,,,,,,,,,,,,,
923,,1,,,,0,,,,,504000,,,,,,,,,,,,,,,,,
924,,1,,,,0,,,,,504000,,,,,,,,,,,,,,,,,
925,,1,,,,0,,,,,504000,,,,,,,,,,,,,,,,,
926,,1,,,,0,,,,,504000,,,,,,,,,,,,,,,,,
927,,1,,,,0,,,,,504000,,,,,,,,,,,,,,,,,
928,,1,,,,0,,,,,504000,,,,,,,,,,,,,,,,,
929,,1,,,,0,,,,,504000,,,,,,,,,,,,,,,,,
930,,1,,,,0,,,,,504000,,,,,,,,,,,,,,,,,
931,,1,,,,0,,,,,504000,,,,,,,,,,,,,,,,,
932,,1,,,,0,,,,,504000,,,,,,,,,,,,,,,,,
933,,1,,,,0,,,,,504000,,,,,,,,,,,,,,,,,
934,,1,,,,0,,,,,504000,,,,,,,,,,,,,,,,,
935,,1,,,,0,,,,,504000,,,,,,,,,,,,,,,,,
936,,1,,,,0,,,,,504000,,,,,,,,,,,,,,,,,
937,,1,,,,0,,,,,504000,,,,,,,,,,,,,,,,,
938,,1,,,,0,,,,,504000,,,,,,,,,,,,,,,,,
939,,1,,,,0,,,,,504000,,,,,,,,,,,,,,,,,
940,,1,,,,0,,,,,504000,,,,,,,,,,,,,,,,,
941,,1,,,,0,,,,,504000,,,,,,,,,,,,,,,,,
942,,1,,,,0,,,,,504000,,,,,,,,,,,,,,,,,
943,,1,,,,0,,,,,504000,,,,,,,,,,,,,,,,,
944,,1,,,,0,,,,,504000,,,,,,,,,,,,,,,,,
945,,1,,,,0,,,,,504000,,,,,,,,,,,,,,,,,
946,,1,,,,0,,,,,504000,,,,,,,,,,,,,,,,,
947,,1,,,,0,,,,,504000,,,,,,,,,,,,,,,,,
948,,1,,,,0,,,,,504000,,,,,,,,,,,,,,,,,
949,,1,,,,0,,,,,504000,,,,,,,,,,,,,,,,,
950,,1,,,,0,,,,,504000,,,,,,,,,,,,,,,,,
951,,1,,,,0,,,,,504000,,,,,,,,,,,,,,,,,
952,,1,,,,0,,,,,504000,,,,,,,,,,,,,,,,,
953,,1,,,,0,,,,,504000,,,,,,,,,,,,,,,,,
954,,1,,,,0,,,,,504000,,,,,,,,,,,,,,,,,
955,,1,,,,0,,,,,504000,,,,,,,,,,,,,,,,,
956,,1,,,,0,,,,,504000,,,,,,,,,,,,,,,,,
957,,1,,,,0,,,,,504000,,,,,,,,,,,,,,,,,
958,,1,,,,0,,,,,504000,,,,,,,,,,,,,,,,,
959,,1,,,,0,,,,,504000,,,,,,,,,,,,,,,,,
960,,1,,,,0,,,,,504000,,,,,,,,,,,,,,,,,
961,,1,,,,0,,,,,504000,,,,,,,,,,,,,,,,,
962,,1,,,,0,,,,,504000,,,,,,,,,,,,,,,,,
963,,1,,,,0,,,,,504000,,,,,,,,,,,,,,,,,
964,,1,,,,0,,,,,504000,,,,,,,,,,,,,,,,,
965,,1,,,,0,,,,,504000,,,,,,,,,,,,,,,,,
966,,1,,,,0,,,,,504000,,,,,,,,,,,,,,,,,
967,,1,,,,0,,,,,504000,,,,,,,,,,,,,,,,,
968,,1,,,,0,,,,,504000,,,,,,,,,,,,,,,,,
969,,1,,,,0,,,,,504000,,,,,,,,,,,,,,,,,
970,,1,,,,0,,,,,504000,,,,,,,,,,,,,,,,,
971,,1,,,,0,,,,,504000,,,,,,,,,,,,,,,,,
972,,1,,,,0,,,,,504000,,,,,,,,,,,,,,,,,
973,,1,,,,0,,,,,504000,,,,,,,,,,,,,,,,,
974,,1,,,,0,,,,,504000,,,,,,,,,,,,,,,,,
975,,1,,,,0,,,,,504000,,,,,,,,,,,,,,,,,
976,,1,,,,0,,,,,504000,,,,,,,,,,,,,,,,,
977,,1,,,,0,,,,,504000,,,,,,,,,,,,,,,,,
978,,1,,,,0,,,,,504000,,,,,,,,,,,,,,,,,
979,,1,,,,0,,,,,504000,,,,,,,,,,,,,,,,,
980,,1,,,,0,,,,,504000,,,,,,,,,,,,,,,,,
981,,1,,,,0,,,,,504000,,,,,,,,,,,,,,,,,
982,,1,,,,0,,,,,504000,,,,,,,,,,,,,,,,,
983,,1,,,,0,,,,,504000,,,,,,,,,,,,,,,,,
984,,1,,,,0,,,,,504000,,,,,,,,,,,,,,,,,
985,,1,,,,0,,,,,504000,,,,,,,,,,,,,,,,,
986,,1,,,,0,,,,,504000,,,,,,,,,,,,,,,,,
987,,1,,,,0,,,,,504000,,,,,,,,,,,,,,,,,
988,,1,,,,0,,,,,504000,,,,,,,,,,,,,,,,,
989,,1,,,,0,,,,,504000,,,,,,,,,,,,,,,,,
990,,1,,,,0,,,,,504000,,,,,,,,,,,,,,,,,
991,,1,,,,0,,,,,504000,,,,,,,,,,,,,,,,,
992,,1,,,,0,,,,,504000,,,,,,,,,,,,,,,,,
993,,1,,,,0,,,,,504000,,,,,,,,,,,,,,,,,
994,,1,,,,0,,,,,504000,,,,,,,,,,,,,,,,,
995,,1,,,,0,,,,,504000,,,,,,,,,,,,,,,,,
996,,1,,,,0,,,,,504000,,,,,,,,,,,,,,,,,
997,,1,,,,0,,,,,504000,,,,,,,,,,,,,,,,,
998,,1,,,,0,,,,,504000,,,,,,,,,,,,,,,,,
999,,1,,,,0,,,,,504000,,,,,,,,,,,,,,,,,
1000,,1,,,,0,,,,,504000,,,,,,,,,,,,,,,,,
1001,,1,,,,0,,,,,504000,,,,,,,,,,,,,,,,,
1002,,1,,,,0,,,,,504000,,,,,,,,,,,,,,,,,
1003,,1,,,,0,,,,,504000,,,,,,,,,,,,,,,,,
1004,,1,,,,0,,,,,504000,,,,,,,,,,,,,,,,,
1005,,1,,,,0,,,,,504000,,,,,,,,,,,,,,,,,
1006,,1,,,,0,,,,,504000,,,,,,,,,,,,,,,,,
1007,,1,,,,0,,,,,504000,,,,,,,,,,,,,,,,,
1008,,1,,,,0,,,,,504000,,,,,,,,,,,,,,,,,
1009,,1,,,,0,,,,,504000,,,,,,,,,,,,,,,,,
1010,,1,,,,0,,,,,504000,,,,,,,,,,,,,,,,,
1011,,1,,,,0,,,,,504000,,,,,,,,,,,,,,,,,
1012,,1,,,,0,,,,,504000,,,,,,,,,,,,,,,,,
1013,,1,,,,0,,,,,504000,,,,,,,,,,,,,,,,,
1014,,1,,,,0,,,,,504000,,,,,,,,,,,,,,,,,
1015,,1,,,,0,,,,,504000,,,,,,,,,,,,,,,,,
1016,,1,,,,0,,,,,504000,,,,,,,,,,,,,,,,,
1017,,1,,,,0,,,,,504000,,,,,,,,,,,,,,,,,
1018,,1,,,,0,,,,,504000,,,,,,,,,,,,,,,,,
1019,,1,,,,0,,,,,504000,,,,,,,,,,,,,,,,,
1020,,1,,,,0,,,,,504000,,,,,,,,,,,,,,,,,
1021,,1,,,,0,,,,,504000,,,,,,,,,,,,,,,,,
1022,,1,,,,0,,,,,504000,,,,,,,,,,,,,,,,,
1023,,1,,,,0,,,,,504000,,,,,,,,,,,,,,,,,
1024,,1,,,,0,,,,,504000,,,,,,,,,,,,,,,,,
1025,,1,,,,0,,,,,504000,,,,,,,,,,,,,,,,,
1026,,1,,,,0,,,,,504000,,,,,,,,,,,,,,,,,
1027,,1,,,,0,,,,,504000,,,,,,,,,,,,,,,,,
1028,,1,,,,0,,,,,504000,,,,,,,,,,,,,,,,,
1029,,1,,,,0,,,,,504000,,,,,,,,,,,,,,,,,
1030,,1,,,,0,,,,,504000,,,,,,,,,,,,,,,,,
1031,,1,,,,0,,,,,504000,,,,,,,,,,,,,,,,,
1032,,1,,,,0,,,,,504000,,,,,,,,,,,,,,,,,
1033,,1,,,,0,,,,,504000,,,,,,,,,,,,,,,,,
1034,,1,,,,0,,,,,504000,,,,,,,,,,,,,,,,,
1035,,1,,,,0,,,,,504000,,,,,,,,,,,,,,,,,
1036,,1,,,,0,,,,,504000,,,,,,,,,,,,,,,,,
1037,,1,,,,0,,,,,504000,,,,,,,,,,,,,,,,,
1038,,1,,,,0,,,,,504000,,,,,,,,,,,,,,,,,
1039,,1,,,,0,,,,,504000,,,,,,,,,,,,,,,,,
1040,,1,,,,0,,,,,504000,,,,,,,,,,,,,,,,,
1041,,1,,,,0,,,,,504000,,,,,,,,,,,,,,,,,
1042,,1,,,,0,,,,,504000,,,,,,,,,,,,,,,,,
1043,,1,,,,0,,,,,504000,,,,,,,,,,,,,,,,,
1044,,1,,,,0,,,,,504000,,,,,,,,,,,,,,,,,
1045,,1,,,,0,,,,,504000,,,,,,,,,,,,,,,,,
1046,,1,,,,0,,,,,504000,,,,,,,,,,,,,,,,,
1047,,1,,,,0,,,,,504000,,,,,,,,,,,,,,,,,
1048,,1,,,,0,,,,,504000,,,,,,,,,,,,,,,,,
1049,,1,,,,0,,,,,504000,,,,,,,,,,,,,,,,,
1050,,1,,,,0,,,,,504000,,,,,,,,,,,,,,,,,
1051,,1,,,,0,,,,,504000,,,,,,,,,,,,,,,,,
1052,,1,,,,0,,,,,504000,,,,,,,,,,,,,,,,,
1053,,1,,,,0,,,,,504000,,,,,,,,,,,,,,,,,
1054,,1,,,,0,,,,,504000,,,,,,,,,,,,,,,,,
1055,,1,,,,0,,,,,504000,,,,,,,,,,,,,,,,,
1056,,1,,,,0,,,,,504000,,,,,,,,,,,,,,,,,
1057,,1,,,,0,,,,,504000,,,,,,,,,,,,,,,,,
1058,,1,,,,0,,,,,504000,,,,,,,,,,,,,,,,,
1059,,1,,,,0,,,,,504000,,,,,,,,,,,,,,,,,
1060,,1,,,,0,,,,,504000,,,,,,,,,,,,,,,,,
1061,,1,,,,0,,,,,504000,,,,,,,,,,,,,,,,,
1062,,1,,,,0,,,,,504000,,,,,,,,,,,,,,,,,
1063,,1,,,,0,,,,,504000,,,,,,,,,,,,,,,,,
1064,,1,,,,0,,,,,504000,,,,,,,,,,,,,,,,,
1065,,1,,,,0,,,,,504000,,,,,,,,,,,,,,,,,
1066,,1,,,,0,,,,,504000,,,,,,,,,,,,,,,,,
1067,,1,,,,0,,,,,504000,,,,,,,,,,,,,,,,,
1068,,1,,,,0,,,,,504000,,,,,,,,,,,,,,,,,
1069,,1,,,,0,,,,,504000,,,,,,,,,,,,,,,,,
1070,,1,,,,0,,,,,504000,,,,,,,,,,,,,,,,,
1071,,1,,,,0,,,,,504000,,,,,,,,,,,,,,,,,
1072,,1,,,,0,,,,,504000,,,,,,,,,,,,,,,,,
1073,,1,,,,0,,,,,504000,,,,,,,,,,,,,,,,,
1074,,1,,,,0,,,,,504000,,,,,,,,,,,,,,,,,
1075,,1,,,,0,,,,,504000,,,,,,,,,,,,,,,,,
1076,,1,,,,0,,,,,504000,,,,,,,,,,,,,,,,,
1077,,1,,,,0,,,,,504000,,,,,,,,,,,,,,,,,
1078,,1,,,,0,,,,,504000,,,,,,,,,,,,,,,,,
1079,,1,,,,0,,,,,504000,,,,,,,,,,,,,,,,,
1080,,1,,,,0,,,,,504000,,,,,,,,,,,,,,,,,
1081,,1,,,,0,,,,,504000,,,,,,,,,,,,,,,,,
1082,,1,,,,0,,,,,504000,,,,,,,,,,,,,,,,,
1083,,1,,,,0,,,,,504000,,,,,,,,,,,,,,,,,
1084,,1,,,,0,,,,,504000,,,,,,,,,,,,,,,,,
1085,,1,,,,0,,,,,504000,,,,,,,,,,,,,,,,,
1086,,1,,,,0,,,,,504000,,,,,,,,,,,,,,,,,
1087,,1,,,,0,,,,,504000,,,,,,,,,,,,,,,,,
1088,,1,,,,0,,,,,504000,,,,,,,,,,,,,,,,,
1089,,1,,,,0,,,,,504000,,,,,,,,,,,,,,,,,
1090,,1,,,,0,,,,,504000,,,,,,,,,,,,,,,,,
1091,,1,,,,0,,,,,504000,,,,,,,,,,,,,,,,,
1092,,1,,,,0,,,,,504000,,,,,,,,,,,,,,,,,
1093,,1,,,,0,,,,,504000,,,,,,,,,,,,,,,,,
1094,,1,,,,0,,,,,504000,,,,,,,,,,,,,,,,,
1095,,1,,,,0,,,,,504000,,,,,,,,,,,,,,,,,
1096,,1,,,,0,,,,,504000,,,,,,,,,,,,,,,,,
1097,,1,,,,0,,,,,504000,,,,,,,,,,,,,,,,,
1098,,1,,,,0,,,,,504000,,,,,,,,,,,,,,,,,
1099,,1,,,,0,,,,,504000,,,,,,,,,,,,,,,,,
1100,,1,,,,0,,,,,504000,,,,,,,,,,,,,,,,,
1101,,1,,,,0,,,,,504000,,,,,,,,,,,,,,,,,
1102,,1,,,,0,,,,,504000,,,,,,,,,,,,,,,,,
1103,,1,,,,0,,,,,504000,,,,,,,,,,,,,,,,,
1104,,1,,,,0,,,,,504000,,,,,,,,,,,,,,,,,
1105,,1,,,,0,,,,,504000,,,,,,,,,,,,,,,,,
1106,,1,,,,0,,,,,504000,,,,,,,,,,,,,,,,,
1107,,1,,,,0,,,,,504000,,,,,,,,,,,,,,,,,
1108,,1,,,,0,,,,,504000,,,,,,,,,,,,,,,,,
1109,,1,,,,0,,,,,504000,,,,,,,,,,,,,,,,,
1110,,1,,,,0,,,,,504000,,,,,,,,,,,,,,,,,
1111,,1,,,,0,,,,,504000,,,,,,,,,,,,,,,,,
1112,,1,,,,0,,,,,504000,,,,,,,,,,,,,,,,,
1113,,1,,,,0,,,,,504000,,,,,,,,,,,,,,,,,
1114,,1,,,,0,,,,,504000,,,,,,,,,,,,,,,,,
1115,,1,,,,0,,,,,504000,,,,,,,,,,,,,,,,,
1116,,1,,,,0,,,,,504000,,,,,,,,,,,,,,,,,
1117,,1,,,,0,,,,,504000,,,,,,,,,,,,,,,,,
1118,,1,,,,0,,,,,504000,,,,,,,,,,,,,,,,,
1119,,1,,,,0,,,,,504000,,,,,,,,,,,,,,,,,
1120,,1,,,,0,,,,,504000,,,,,,,,,,,,,,,,,
1121,,1,,,,0,,,,,504000,,,,,,,,,,,,,,,,,
1122,,1,,,,0,,,,,504000,,,,,,,,,,,,,,,,,
1123,,1,,,,0,,,,,504000,,,,,,,,,,,,,,,,,
1124,,1,,,,0,,,,,504000,,,,,,,,,,,,,,,,,
1125,,1,,,,0,,,,,504000,,,,,,,,,,,,,,,,,
1126,,1,,,,0,,,,,504000,,,,,,,,,,,,,,,,,
1127,,1,,,,0,,,,,504000,,,,,,,,,,,,,,,,,
1128,,1,,,,0,,,,,504000,,,,,,,,,,,,,,,,,
1129,,1,,,,0,,,,,504000,,,,,,,,,,,,,,,,,
1130,,1,,,,0,,,,,504000,,,,,,,,,,,,,,,,,
1131,,1,,,,0,,,,,504000,,,,,,,,,,,,,,,,,
1132,,1,,,,0,,,,,504000,,,,,,,,,,,,,,,,,
1133,,1,,,,0,,,,,504000,,,,,,,,,,,,,,,,,
1134,,1,,,,0,,,,,504000,,,,,,,,,,,,,,,,,
1135,,1,,,,0,,,,,504000,,,,,,,,,,,,,,,,,
1136,,1,,,,0,,,,,504000,,,,,,,,,,,,,,,,,
1137,,1,,,,0,,,,,504000,,,,,,,,,,,,,,,,,
1138,,1,,,,0,,,,,504000,,,,,,,,,,,,,,,,,
1139,,1,,,,0,,,,,504000,,,,,,,,,,,,,,,,,
1140,,1,,,,0,,,,,504000,,,,,,,,,,,,,,,,,
1141,,1,,,,0,,,,,504000,,,,,,,,,,,,,,,,,
1142,,1,,,,0,,,,,504000,,,,,,,,,,,,,,,,,
1143,,1,,,,0,,,,,504000,,,,,,,,,,,,,,,,,
1144,,1,,,,0,,,,,504000,,,,,,,,,,,,,,,,,
1145,,1,,,,0,,,,,504000,,,,,,,,,,,,,,,,,
1146,,1,,,,0,,,,,504000,,,,,,,,,,,,,,,,,
1147,,1,,,,0,,,,,504000,,,,,,,,,,,,,,,,,
1148,,1,,,,0,,,,,504000,,,,,,,,,,,,,,,,,
1149,,1,,,,0,,,,,504000,,,,,,,,,,,,,,,,,
1150,,1,,,,0,,,,,504000,,,,,,,,,,,,,,,,,
1151,,1,,,,0,,,,,504000,,,,,,,,,,,,,,,,,
1152,,1,,,,0,,,,,504000,,,,,,,,,,,,,,,,,
1153,,1,,,,0,,,,,504000,,,,,,,,,,,,,,,,,
1154,,1,,,,0,,,,,504000,,,,,,,,,,,,,,,,,
1155,,1,,,,0,,,,,504000,,,,,,,,,,,,,,,,,
1156,,1,,,,0,,,,,504000,,,,,,,,,,,,,,,,,
1157,,1,,,,0,,,,,504000,,,,,,,,,,,,,,,,,
1158,,1,,,,0,,,,,504000,,,,,,,,,,,,,,,,,
1159,,1,,,,0,,,,,504000,,,,,,,,,,,,,,,,,
1160,,1,,,,0,,,,,504000,,,,,,,,,,,,,,,,,
1161,,1,,,,0,,,,,504000,,,,,,,,,,,,,,,,,
1162,,1,,,,0,,,,,504000,,,,,,,,,,,,,,,,,
1163,,1,,,,0,,,,,504000,,,,,,,,,,,,,,,,,
1164,,1,,,,0,,,,,504000,,,,,,,,,,,,,,,,,
1165,,1,,,,0,,,,,504000,,,,,,,,,,,,,,,,,
1166,,1,,,,0,,,,,504000,,,,,,,,,,,,,,,,,
1167,,1,,,,0,,,,,504000,,,,,,,,,,,,,,,,,
1168,,1,,,,0,,,,,504000,,,,,,,,,,,,,,,,,
1169,,1,,,,0,,,,,504000,,,,,,,,,,,,,,,,,
1170,,1,,,,0,,,,,504000,,,,,,,,,,,,,,,,,
1171,,1,,,,0,,,,,504000,,,,,,,,,,,,,,,,,
1172,,1,,,,0,,,,,504000,,,,,,,,,,,,,,,,,
1173,,1,,,,0,,,,,504000,,,,,,,,,,,,,,,,,
1174,,1,,,,0,,,,,504000,,,,,,,,,,,,,,,,,
1175,,1,,,,0,,,,,504000,,,,,,,,,,,,,,,,,
1176,,1,,,,0,,,,,504000,,,,,,,,,,,,,,,,,
1177,,1,,,,0,,,,,504000,,,,,,,,,,,,,,,,,
1178,,1,,,,0,,,,,504000,,,,,,,,,,,,,,,,,
1179,,1,,,,0,,,,,504000,,,,,,,,,,,,,,,,,
1180,,1,,,,0,,,,,504000,,,,,,,,,,,,,,,,,
1181,,1,,,,0,,,,,504000,,,,,,,,,,,,,,,,,
1182,,1,,,,0,,,,,504000,,,,,,,,,,,,,,,,,
1183,,1,,,,0,,,,,504000,,,,,,,,,,,,,,,,,
1184,,1,,,,0,,,,,504000,,,,,,,,,,,,,,,,,
1185,,1,,,,0,,,,,504000,,,,,,,,,,,,,,,,,
1186,,1,,,,0,,,,,504000,,,,,,,,,,,,,,,,,
1187,,1,,,,0,,,,,504000,,,,,,,,,,,,,,,,,
1188,,1,,,,0,,,,,504000,,,,,,,,,,,,,,,,,
1189,,1,,,,0,,,,,504000,,,,,,,,,,,,,,,,,
1190,,1,,,,0,,,,,504000,,,,,,,,,,,,,,,,,
1191,,1,,,,0,,,,,504000,,,,,,,,,,,,,,,,,
1192,,1,,,,0,,,,,504000,,,,,,,,,,,,,,,,,
1193,,1,,,,0,,,,,504000,,,,,,,,,,,,,,,,,
1194,,1,,,,0,,,,,504000,,,,,,,,,,,,,,,,,
1195,,1,,,,0,,,,,504000,,,,,,,,,,,,,,,,,
1196,,1,,,,0,,,,,504000,,,,,,,,,,,,,,,,,
1197,,1,,,,0,,,,,504000,,,,,,,,,,,,,,,,,
1198,,1,,,,0,,,,,504000,,,,,,,,,,,,,,,,,
1199,,1,,,,0,,,,,504000,,,,,,,,,,,,,,,,,
1200,,1,,,,0,,,,,504000,,,,,,,,,,,,,,,,,
1201,,1,,,,0,,,,,504000,,,,,,,,,,,,,,,,,
1202,,1,,,,0,,,,,504000,,,,,,,,,,,,,,,,,
1203,,1,,,,0,,,,,504000,,,,,,,,,,,,,,,,,
1204,,1,,,,0,,,,,504000,,,,,,,,,,,,,,,,,
1205,,1,,,,0,,,,,504000,,,,,,,,,,,,,,,,,
1206,,1,,,,0,,,,,504000,,,,,,,,,,,,,,,,,
1207,,1,,,,0,,,,,504000,,,,,,,,,,,,,,,,,
1208,,1,,,,0,,,,,504000,,,,,,,,,,,,,,,,,
1209,,1,,,,0,,,,,504000,,,,,,,,,,,,,,,,,
1210,,1,,,,0,,,,,504000,,,,,,,,,,,,,,,,,
1211,,1,,,,0,,,,,504000,,,,,,,,,,,,,,,,,
1212,,1,,,,0,,,,,504000,,,,,,,,,,,,,,,,,
1213,,1,,,,0,,,,,504000,,,,,,,,,,,,,,,,,
1214,,1,,,,0,,,,,504000,,,,,,,,,,,,,,,,,
1215,,1,,,,0,,,,,504000,,,,,,,,,,,,,,,,,
1216,,1,,,,0,,,,,504000,,,,,,,,,,,,,,,,,
1217,,1,,,,0,,,,,504000,,,,,,,,,,,,,,,,,
1218,,1,,,,0,,,,,504000,,,,,,,,,,,,,,,,,
1219,,1,,,,0,,,,,504000,,,,,,,,,,,,,,,,,
1220,,1,,,,0,,,,,504000,,,,,,,,,,,,,,,,,
1221,,1,,,,0,,,,,504000,,,,,,,,,,,,,,,,,
1222,,1,,,,0,,,,,504000,,,,,,,,,,,,,,,,,
1223,,1,,,,0,,,,,504000,,,,,,,,,,,,,,,,,
1224,,1,,,,0,,,,,504000,,,,,,,,,,,,,,,,,
1225,,1,,,,0,,,,,504000,,,,,,,,,,,,,,,,,
1226,,1,,,,0,,,,,504000,,,,,,,,,,,,,,,,,
1227,,1,,,,0,,,,,504000,,,,,,,,,,,,,,,,,
1228,,1,,,,0,,,,,504000,,,,,,,,,,,,,,,,,
1229,,1,,,,0,,,,,504000,,,,,,,,,,,,,,,,,
1230,,1,,,,0,,,,,504000,,,,,,,,,,,,,,,,,
1231,,1,,,,0,,,,,504000,,,,,,,,,,,,,,,,,
1232,,1,,,,0,,,,,504000,,,,,,,,,,,,,,,,,
1233,,1,,,,0,,,,,504000,,,,,,,,,,,,,,,,,
1234,,1,,,,0,,,,,504000,,,,,,,,,,,,,,,,,
1235,,1,,,,0,,,,,504000,,,,,,,,,,,,,,,,,
1236,,1,,,,0,,,,,504000,,,,,,,,,,,,,,,,,
1237,,1,,,,0,,,,,504000,,,,,,,,,,,,,,,,,
1238,,1,,,,0,,,,,504000,,,,,,,,,,,,,,,,,
1239,,1,,,,0,,,,,504000,,,,,,,,,,,,,,,,,
1240,,1,,,,0,,,,,504000,,,,,,,,,,,,,,,,,
1241,,1,,,,0,,,,,504000,,,,,,,,,,,,,,,,,
1242,,1,,,,0,,,,,504000,,,,,,,,,,,,,,,,,
1243,,1,,,,0,,,,,504000,,,,,,,,,,,,,,,,,
1244,,1,,,,0,,,,,504000,,,,,,,,,,,,,,,,,
1245,,1,,,,0,,,,,504000,,,,,,,,,,,,,,,,,
1246,,1,,,,0,,,,,504000,,,,,,,,,,,,,,,,,
1247,,1,,,,0,,,,,504000,,,,,,,,,,,,,,,,,
1248,,1,,,,0,,,,,504000,,,,,,,,,,,,,,,,,
1249,,1,,,,0,,,,,504000,,,,,,,,,,,,,,,,,
1250,,1,,,,0,,,,,504000,,,,,,,,,,,,,,,,,
1251,,1,,,,0,,,,,504000,,,,,,,,,,,,,,,,,
1252,,1,,,,0,,,,,504000,,,,,,,,,,,,,,,,,
1253,,1,,,,0,,,,,504000,,,,,,,,,,,,,,,,,
1254,,1,,,,0,,,,,504000,,,,,,,,,,,,,,,,,
1255,,1,,,,0,,,,,504000,,,,,,,,,,,,,,,,,
1256,,1,,,,0,,,,,504000,,,,,,,,,,,,,,,,,
1257,,1,,,,0,,,,,504000,,,,,,,,,,,,,,,,,
1258,,1,,,,0,,,,,504000,,,,,,,,,,,,,,,,,
1259,,1,,,,0,,,,,504000,,,,,,,,,,,,,,,,,
1260,,1,,,,0,,,,,504000,,,,,,,,,,,,,,,,,
1261,,1,,,,0,,,,,504000,,,,,,,,,,,,,,,,,
1262,,1,,,,0,,,,,504000,,,,,,,,,,,,,,,,,
1263,,1,,,,0,,,,,504000,,,,,,,,,,,,,,,,,
1264,,1,,,,0,,,,,504000,,,,,,,,,,,,,,,,,
1265,,1,,,,0,,,,,504000,,,,,,,,,,,,,,,,,
1266,,1,,,,0,,,,,504000,,,,,,,,,,,,,,,,,
1267,,1,,,,0,,,,,504000,,,,,,,,,,,,,,,,,
1268,,1,,,,0,,,,,504000,,,,,,,,,,,,,,,,,
1269,,1,,,,0,,,,,504000,,,,,,,,,,,,,,,,,
1270,,1,,,,0,,,,,504000,,,,,,,,,,,,,,,,,
1271,,1,,,,0,,,,,504000,,,,,,,,,,,,,,,,,
1272,,1,,,,0,,,,,504000,,,,,,,,,,,,,,,,,
1273,,1,,,,0,,,,,504000,,,,,,,,,,,,,,,,,
1274,,1,,,,0,,,,,504000,,,,,,,,,,,,,,,,,
1275,,1,,,,0,,,,,504000,,,,,,,,,,,,,,,,,
1276,,1,,,,0,,,,,504000,,,,,,,,,,,,,,,,,
1277,,1,,,,0,,,,,504000,,,,,,,,,,,,,,,,,
1278,,1,,,,0,,,,,504000,,,,,,,,,,,,,,,,,
1279,,1,,,,0,,,,,504000,,,,,,,,,,,,,,,,,
1280,,1,,,,0,,,,,504000,,,,,,,,,,,,,,,,,
1281,,1,,,,0,,,,,504000,,,,,,,,,,,,,,,,,
1282,,1,,,,0,,,,,504000,,,,,,,,,,,,,,,,,
1283,,1,,,,0,,,,,504000,,,,,,,,,,,,,,,,,
1284,,1,,,,0,,,,,504000,,,,,,,,,,,,,,,,,
1285,,1,,,,0,,,,,504000,,,,,,,,,,,,,,,,,
1286,,1,,,,0,,,,,504000,,,,,,,,,,,,,,,,,
1287,,1,,,,0,,,,,504000,,,,,,,,,,,,,,,,,
1288,,1,,,,0,,,,,504000,,,,,,,,,,,,,,,,,
1289,,1,,,,0,,,,,504000,,,,,,,,,,,,,,,,,
1290,,1,,,,0,,,,,504000,,,,,,,,,,,,,,,,,
1291,,1,,,,0,,,,,504000,,,,,,,,,,,,,,,,,
1292,,1,,,,0,,,,,504000,,,,,,,,,,,,,,,,,
1293,,1,,,,0,,,,,504000,,,,,,,,,,,,,,,,,
1294,,1,,,,0,,,,,504000,,,,,,,,,,,,,,,,,
1295,,1,,,,0,,,,,504000,,,,,,,,,,,,,,,,,
1296,,1,,,,0,,,,,504000,,,,,,,,,,,,,,,,,
1297,,1,,,,0,,,,,504000,,,,,,,,,,,,,,,,,
1298,,1,,,,0,,,,,504000,,,,,,,,,,,,,,,,,
1299,,1,,,,0,,,,,504000,,,,,,,,,,,,,,,,,
1300,,1,,,,0,,,,,504000,,,,,,,,,,,,,,,,,
1301,,1,,,,0,,,,,504000,,,,,,,,,,,,,,,,,
1302,,1,,,,0,,,,,504000,,,,,,,,,,,,,,,,,
1303,,1,,,,0,,,,,504000,,,,,,,,,,,,,,,,,
1304,,1,,,,0,,,,,504000,,,,,,,,,,,,,,,,,
1305,,1,,,,0,,,,,504000,,,,,,,,,,,,,,,,,
1306,,1,,,,0,,,,,504000,,,,,,,,,,,,,,,,,
1307,,1,,,,0,,,,,504000,,,,,,,,,,,,,,,,,
1308,,1,,,,0,,,,,504000,,,,,,,,,,,,,,,,,
1309,,1,,,,0,,,,,504000,,,,,,,,,,,,,,,,,
1310,,1,,,,0,,,,,504000,,,,,,,,,,,,,,,,,
1311,,1,,,,0,,,,,504000,,,,,,,,,,,,,,,,,
1312,,1,,,,0,,,,,504000,,,,,,,,,,,,,,,,,
1313,,1,,,,0,,,,,504000,,,,,,,,,,,,,,,,,
1314,,1,,,,0,,,,,504000,,,,,,,,,,,,,,,,,
1315,,1,,,,0,,,,,504000,,,,,,,,,,,,,,,,,
1316,,1,,,,0,,,,,504000,,,,,,,,,,,,,,,,,
1317,,1,,,,0,,,,,504000,,,,,,,,,,,,,,,,,
1318,,1,,,,0,,,,,504000,,,,,,,,,,,,,,,,,
1319,,1,,,,0,,,,,504000,,,,,,,,,,,,,,,,,
1320,,1,,,,0,,,,,504000,,,,,,,,,,,,,,,,,
1321,,1,,,,0,,,,,504000,,,,,,,,,,,,,,,,,
1322,,1,,,,0,,,,,504000,,,,,,,,,,,,,,,,,
1323,,1,,,,0,,,,,504000,,,,,,,,,,,,,,,,,
1324,,1,,,,0,,,,,504000,,,,,,,,,,,,,,,,,
1325,,1,,,,0,,,,,504000,,,,,,,,,,,,,,,,,
1326,,1,,,,0,,,,,504000,,,,,,,,,,,,,,,,,
1327,,1,,,,0,,,,,504000,,,,,,,,,,,,,,,,,
1328,,1,,,,0,,,,,504000,,,,,,,,,,,,,,,,,
1329,,1,,,,0,,,,,504000,,,,,,,,,,,,,,,,,
1330,,1,,,,0,,,,,504000,,,,,,,,,,,,,,,,,
1331,,1,,,,0,,,,,504000,,,,,,,,,,,,,,,,,
1332,,1,,,,0,,,,,504000,,,,,,,,,,,,,,,,,
1333,,1,,,,0,,,,,504000,,,,,,,,,,,,,,,,,
1334,,1,,,,0,,,,,504000,,,,,,,,,,,,,,,,,
1335,,1,,,,0,,,,,504000,,,,,,,,,,,,,,,,,
1336,,1,,,,0,,,,,504000,,,,,,,,,,,,,,,,,
1337,,1,,,,0,,,,,504000,,,,,,,,,,,,,,,,,
1338,,1,,,,0,,,,,504000,,,,,,,,,,,,,,,,,
1339,,1,,,,0,,,,,504000,,,,,,,,,,,,,,,,,
1340,,1,,,,0,,,,,504000,,,,,,,,,,,,,,,,,
1341,,1,,,,0,,,,,504000,,,,,,,,,,,,,,,,,
1342,,1,,,,0,,,,,504000,,,,,,,,,,,,,,,,,
1343,,1,,,,0,,,,,504000,,,,,,,,,,,,,,,,,
1344,,1,,,,0,,,,,504000,,,,,,,,,,,,,,,,,
1345,,1,,,,0,,,,,504000,,,,,,,,,,,,,,,,,
1346,,1,,,,0,,,,,504000,,,,,,,,,,,,,,,,,
1347,,1,,,,0,,,,,504000,,,,,,,,,,,,,,,,,
1348,,1,,,,0,,,,,504000,,,,,,,,,,,,,,,,,
1349,,1,,,,0,,,,,504000,,,,,,,,,,,,,,,,,
1350,,1,,,,0,,,,,504000,,,,,,,,,,,,,,,,,
1351,,1,,,,0,,,,,504000,,,,,,,,,,,,,,,,,
1352,,1,,,,0,,,,,504000,,,,,,,,,,,,,,,,,
1353,,1,,,,0,,,,,504000,,,,,,,,,,,,,,,,,
1354,,1,,,,0,,,,,504000,,,,,,,,,,,,,,,,,
1355,,1,,,,0,,,,,504000,,,,,,,,,,,,,,,,,
1356,,1,,,,0,,,,,504000,,,,,,,,,,,,,,,,,
1357,,1,,,,0,,,,,504000,,,,,,,,,,,,,,,,,
1358,,1,,,,0,,,,,504000,,,,,,,,,,,,,,,,,
1359,,1,,,,0,,,,,504000,,,,,,,,,,,,,,,,,
1360,,1,,,,0,,,,,504000,,,,,,,,,,,,,,,,,
1361,,1,,,,0,,,,,504000,,,,,,,,,,,,,,,,,
1362,,1,,,,0,,,,,504000,,,,,,,,,,,,,,,,,
1363,,1,,,,0,,,,,504000,,,,,,,,,,,,,,,,,
1364,,1,,,,0,,,,,504000,,,,,,,,,,,,,,,,,
1365,,1,,,,0,,,,,504000,,,,,,,,,,,,,,,,,
1366,,1,,,,0,,,,,504000,,,,,,,,,,,,,,,,,
1367,,1,,,,0,,,,,504000,,,,,,,,,,,,,,,,,
1368,,1,,,,0,,,,,504000,,,,,,,,,,,,,,,,,
1369,,1,,,,0,,,,,504000,,,,,,,,,,,,,,,,,
1370,,1,,,,0,,,,,504000,,,,,,,,,,,,,,,,,
1371,,1,,,,0,,,,,504000,,,,,,,,,,,,,,,,,
1372,,1,,,,0,,,,,504000,,,,,,,,,,,,,,,,,
1373,,1,,,,0,,,,,504000,,,,,,,,,,,,,,,,,
1374,,1,,,,0,,,,,504000,,,,,,,,,,,,,,,,,
1375,,1,,,,0,,,,,504000,,,,,,,,,,,,,,,,,
1376,,1,,,,0,,,,,504000,,,,,,,,,,,,,,,,,
1377,,1,,,,0,,,,,504000,,,,,,,,,,,,,,,,,
1378,,1,,,,0,,,,,504000,,,,,,,,,,,,,,,,,
1379,,1,,,,0,,,,,504000,,,,,,,,,,,,,,,,,
1380,,1,,,,0,,,,,504000,,,,,,,,,,,,,,,,,
1381,,1,,,,0,,,,,504000,,,,,,,,,,,,,,,,,
1382,,1,,,,0,,,,,504000,,,,,,,,,,,,,,,,,
1383,,1,,,,0,,,,,504000,,,,,,,,,,,,,,,,,
1384,,1,,,,0,,,,,504000,,,,,,,,,,,,,,,,,
1385,,1,,,,0,,,,,504000,,,,,,,,,,,,,,,,,
1386,,1,,,,0,,,,,504000,,,,,,,,,,,,,,,,,
1387,,1,,,,0,,,,,504000,,,,,,,,,,,,,,,,,
1388,,1,,,,0,,,,,504000,,,,,,,,,,,,,,,,,
1389,,1,,,,0,,,,,504000,,,,,,,,,,,,,,,,,
1390,,1,,,,0,,,,,504000,,,,,,,,,,,,,,,,,
1391,,1,,,,0,,,,,504000,,,,,,,,,,,,,,,,,
1392,,1,,,,0,,,,,504000,,,,,,,,,,,,,,,,,
1393,,1,,,,0,,,,,504000,,,,,,,,,,,,,,,,,
1394,,1,,,,0,,,,,504000,,,,,,,,,,,,,,,,,
1395,,1,,,,0,,,,,504000,,,,,,,,,,,,,,,,,
1396,,1,,,,0,,,,,504000,,,,,,,,,,,,,,,,,
1397,,1,,,,0,,,,,504000,,,,,,,,,,,,,,,,,
1398,,1,,,,0,,,,,504000,,,,,,,,,,,,,,,,,
1399,,1,,,,0,,,,,504000,,,,,,,,,,,,,,,,,
1400,,1,,,,0,,,,,504000,,,,,,,,,,,,,,,,,
1401,,1,,,,0,,,,,504000,,,,,,,,,,,,,,,,,
1402,,1,,,,0,,,,,504000,,,,,,,,,,,,,,,,,
1403,,1,,,,0,,,,,504000,,,,,,,,,,,,,,,,,
1404,,1,,,,0,,,,,504000,,,,,,,,,,,,,,,,,
1405,,1,,,,0,,,,,504000,,,,,,,,,,,,,,,,,
1406,,1,,,,0,,,,,504000,,,,,,,,,,,,,,,,,
1407,,1,,,,0,,,,,504000,,,,,,,,,,,,,,,,,
1408,,1,,,,0,,,,,504000,,,,,,,,,,,,,,,,,
1409,,1,,,,0,,,,,504000,,,,,,,,,,,,,,,,,
1410,,1,,,,0,,,,,504000,,,,,,,,,,,,,,,,,
1411,,1,,,,0,,,,,504000,,,,,,,,,,,,,,,,,
1412,,1,,,,0,,,,,504000,,,,,,,,,,,,,,,,,
1413,,1,,,,0,,,,,504000,,,,,,,,,,,,,,,,,
1414,,1,,,,0,,,,,504000,,,,,,,,,,,,,,,,,
1415,,1,,,,0,,,,,504000,,,,,,,,,,,,,,,,,
1416,,1,,,,0,,,,,504000,,,,,,,,,,,,,,,,,
1417,,1,,,,0,,,,,504000,,,,,,,,,,,,,,,,,
1418,,1,,,,0,,,,,504000,,,,,,,,,,,,,,,,,
1419,,1,,,,0,,,,,504000,,,,,,,,,,,,,,,,,
1420,,1,,,,0,,,,,504000,,,,,,,,,,,,,,,,,
1421,,1,,,,0,,,,,504000,,,,,,,,,,,,,,,,,
1422,,1,,,,0,,,,,504000,,,,,,,,,,,,,,,,,
1423,,1,,,,0,,,,,504000,,,,,,,,,,,,,,,,,
1424,,1,,,,0,,,,,504000,,,,,,,,,,,,,,,,,
1425,,1,,,,0,,,,,504000,,,,,,,,,,,,,,,,,
1426,,1,,,,0,,,,,504000,,,,,,,,,,,,,,,,,
1427,,1,,,,0,,,,,504000,,,,,,,,,,,,,,,,,
1428,,1,,,,0,,,,,504000,,,,,,,,,,,,,,,,,
1429,,1,,,,0,,,,,504000,,,,,,,,,,,,,,,,,
1430,,1,,,,0,,,,,504000,,,,,,,,,,,,,,,,,
1431,,1,,,,0,,,,,504000,,,,,,,,,,,,,,,,,
1432,,1,,,,0,,,,,504000,,,,,,,,,,,,,,,,,
1433,,1,,,,0,,,,,504000,,,,,,,,,,,,,,,,,
1434,,1,,,,0,,,,,504000,,,,,,,,,,,,,,,,,
1435,,1,,,,0,,,,,504000,,,,,,,,,,,,,,,,,
1436,,1,,,,0,,,,,504000,,,,,,,,,,,,,,,,,
1437,,1,,,,0,,,,,504000,,,,,,,,,,,,,,,,,
1438,,1,,,,0,,,,,504000,,,,,,,,,,,,,,,,,
1439,,1,,,,0,,,,,504000,,,,,,,,,,,,,,,,,
1440,,1,,,,0,,,,,504000,,,,,,,,,,,,,,,,,
1441,,1,,,,0,,,,,504000,,,,,,,,,,,,,,,,,
1442,,1,,,,0,,,,,504000,,,,,,,,,,,,,,,,,
1443,,1,,,,0,,,,,504000,,,,,,,,,,,,,,,,,
1444,,1,,,,0,,,,,504000,,,,,,,,,,,,,,,,,
1445,,1,,,,0,,,,,504000,,,,,,,,,,,,,,,,,
1446,,1,,,,0,,,,,504000,,,,,,,,,,,,,,,,,
1447,,1,,,,0,,,,,504000,,,,,,,,,,,,,,,,,
1448,,1,,,,0,,,,,504000,,,,,,,,,,,,,,,,,
1449,,1,,,,0,,,,,504000,,,,,,,,,,,,,,,,,
1450,,1,,,,0,,,,,504000,,,,,,,,,,,,,,,,,
1451,,1,,,,0,,,,,504000,,,,,,,,,,,,,,,,,
1452,,1,,,,0,,,,,504000,,,,,,,,,,,,,,,,,
1453,,1,,,,0,,,,,504000,,,,,,,,,,,,,,,,,
1454,,1,,,,0,,,,,504000,,,,,,,,,,,,,,,,,
1455,,1,,,,0,,,,,504000,,,,,,,,,,,,,,,,,
1456,,1,,,,0,,,,,504000,,,,,,,,,,,,,,,,,
1457,,1,,,,0,,,,,504000,,,,,,,,,,,,,,,,,
1458,,1,,,,0,,,,,504000,,,,,,,,,,,,,,,,,
1459,,1,,,,0,,,,,504000,,,,,,,,,,,,,,,,,
1460,,1,,,,0,,,,,504000,,,,,,,,,,,,,,,,,
1461,,1,,,,0,,,,,504000,,,,,,,,,,,,,,,,,
1462,,1,,,,0,,,,,504000,,,,,,,,,,,,,,,,,
1463,,1,,,,0,,,,,504000,,,,,,,,,,,,,,,,,
1464,,1,,,,0,,,,,504000,,,,,,,,,,,,,,,,,
1465,,1,,,,0,,,,,504000,,,,,,,,,,,,,,,,,
1466,,1,,,,0,,,,,504000,,,,,,,,,,,,,,,,,
1467,,1,,,,0,,,,,504000,,,,,,,,,,,,,,,,,
1468,,1,,,,0,,,,,504000,,,,,,,,,,,,,,,,,
1469,,1,,,,0,,,,,504000,,,,,,,,,,,,,,,,,
1470,,1,,,,0,,,,,504000,,,,,,,,,,,,,,,,,
1471,,1,,,,0,,,,,504000,,,,,,,,,,,,,,,,,
1472,,1,,,,0,,,,,504000,,,,,,,,,,,,,,,,,
1473,,1,,,,0,,,,,504000,,,,,,,,,,,,,,,,,
1474,,1,,,,0,,,,,504000,,,,,,,,,,,,,,,,,
1475,,1,,,,0,,,,,504000,,,,,,,,,,,,,,,,,
1476,,1,,,,0,,,,,504000,,,,,,,,,,,,,,,,,
1477,,1,,,,0,,,,,504000,,,,,,,,,,,,,,,,,
1478,,1,,,,0,,,,,504000,,,,,,,,,,,,,,,,,
1479,,1,,,,0,,,,,504000,,,,,,,,,,,,,,,,,
1480,,1,,,,0,,,,,504000,,,,,,,,,,,,,,,,,
1481,,1,,,,0,,,,,504000,,,,,,,,,,,,,,,,,
1482,,1,,,,0,,,,,504000,,,,,,,,,,,,,,,,,
1483,,1,,,,0,,,,,504000,,,,,,,,,,,,,,,,,
1484,,1,,,,0,,,,,504000,,,,,,,,,,,,,,,,,
1485,,1,,,,0,,,,,504000,,,,,,,,,,,,,,,,,
1486,,1,,,,0,,,,,504000,,,,,,,,,,,,,,,,,
1487,,1,,,,0,,,,,504000,,,,,,,,,,,,,,,,,
1488,,1,,,,0,,,,,504000,,,,,,,,,,,,,,,,,
1489,,1,,,,0,,,,,504000,,,,,,,,,,,,,,,,,
1490,,1,,,,0,,,,,504000,,,,,,,,,,,,,,,,,
1491,,1,,,,0,,,,,504000,,,,,,,,,,,,,,,,,
1492,,1,,,,0,,,,,504000,,,,,,,,,,,,,,,,,
1493,,1,,,,0,,,,,504000,,,,,,,,,,,,,,,,,
1494,,1,,,,0,,,,,504000,,,,,,,,,,,,,,,,,
1495,,1,,,,0,,,,,504000,,,,,,,,,,,,,,,,,
1496,,1,,,,0,,,,,504000,,,,,,,,,,,,,,,,,
1497,,1,,,,0,,,,,504000,,,,,,,,,,,,,,,,,
1498,,1,,,,0,,,,,504000,,,,,,,,,,,,,,,,,
1499,,1,,,,0,,,,,504000,,,,,,,,,,,,,,,,,
1500,,1,,,,0,,,,,504000,,,,,,,,,,,,,,,,,
1501,,1,,,,0,,,,,504000,,,,,,,,,,,,,,,,,
1502,,1,,,,0,,,,,504000,,,,,,,,,,,,,,,,,
1503,,1,,,,0,,,,,504000,,,,,,,,,,,,,,,,,
1504,,1,,,,0,,,,,504000,,,,,,,,,,,,,,,,,
1505,,1,,,,0,,,,,504000,,,,,,,,,,,,,,,,,
1506,,1,,,,0,,,,,504000,,,,,,,,,,,,,,,,,
1507,,1,,,,0,,,,,504000,,,,,,,,,,,,,,,,,
1508,,1,,,,0,,,,,504000,,,,,,,,,,,,,,,,,
1509,,1,,,,0,,,,,504000,,,,,,,,,,,,,,,,,
1510,,1,,,,0,,,,,504000,,,,,,,,,,,,,,,,,
1511,,1,,,,0,,,,,504000,,,,,,,,,,,,,,,,,
1512,,1,,,,0,,,,,504000,,,,,,,,,,,,,,,,,
1513,,1,,,,0,,,,,504000,,,,,,,,,,,,,,,,,
1514,,1,,,,0,,,,,504000,,,,,,,,,,,,,,,,,
1515,,1,,,,0,,,,,504000,,,,,,,,,,,,,,,,,
1516,,1,,,,0,,,,,504000,,,,,,,,,,,,,,,,,
1517,,1,,,,0,,,,,504000,,,,,,,,,,,,,,,,,
1518,,1,,,,0,,,,,504000,,,,,,,,,,,,,,,,,
1519,,1,,,,0,,,,,504000,,,,,,,,,,,,,,,,,
1520,,1,,,,0,,,,,504000,,,,,,,,,,,,,,,,,
1521,,1,,,,0,,,,,504000,,,,,,,,,,,,,,,,,
1522,,1,,,,0,,,,,504000,,,,,,,,,,,,,,,,,
1523,,1,,,,0,,,,,504000,,,,,,,,,,,,,,,,,
1524,,1,,,,0,,,,,504000,,,,,,,,,,,,,,,,,
1525,,1,,,,0,,,,,504000,,,,,,,,,,,,,,,,,
1526,,1,,,,0,,,,,504000,,,,,,,,,,,,,,,,,
1527,,1,,,,0,,,,,504000,,,,,,,,,,,,,,,,,
1528,,1,,,,0,,,,,504000,,,,,,,,,,,,,,,,,
1529,,1,,,,0,,,,,504000,,,,,,,,,,,,,,,,,
1530,,1,,,,0,,,,,504000,,,,,,,,,,,,,,,,,
1531,,1,,,,0,,,,,504000,,,,,,,,,,,,,,,,,
1532,,1,,,,0,,,,,504000,,,,,,,,,,,,,,,,,
1533,,1,,,,0,,,,,504000,,,,,,,,,,,,,,,,,
1534,,1,,,,0,,,,,504000,,,,,,,,,,,,,,,,,
1535,,1,,,,0,,,,,504000,,,,,,,,,,,,,,,,,
1536,,1,,,,0,,,,,504000,,,,,,,,,,,,,,,,,
1537,,1,,,,0,,,,,504000,,,,,,,,,,,,,,,,,
1538,,1,,,,0,,,,,504000,,,,,,,,,,,,,,,,,
1539,,1,,,,0,,,,,504000,,,,,,,,,,,,,,,,,
1540,,1,,,,0,,,,,504000,,,,,,,,,,,,,,,,,
1541,,1,,,,0,,,,,504000,,,,,,,,,,,,,,,,,
1542,,1,,,,0,,,,,504000,,,,,,,,,,,,,,,,,
1543,,1,,,,0,,,,,504000,,,,,,,,,,,,,,,,,
1544,,1,,,,0,,,,,504000,,,,,,,,,,,,,,,,,
1545,,1,,,,0,,,,,504000,,,,,,,,,,,,,,,,,
1546,,1,,,,0,,,,,504000,,,,,,,,,,,,,,,,,
1547,,1,,,,0,,,,,504000,,,,,,,,,,,,,,,,,
1548,,1,,,,0,,,,,504000,,,,,,,,,,,,,,,,,
1549,,1,,,,0,,,,,504000,,,,,,,,,,,,,,,,,
1550,,1,,,,0,,,,,504000,,,,,,,,,,,,,,,,,
1551,,1,,,,0,,,,,504000,,,,,,,,,,,,,,,,,
1552,,1,,,,0,,,,,504000,,,,,,,,,,,,,,,,,
1553,,1,,,,0,,,,,504000,,,,,,,,,,,,,,,,,
1554,,1,,,,0,,,,,504000,,,,,,,,,,,,,,,,,
1555,,1,,,,0,,,,,504000,,,,,,,,,,,,,,,,,
1556,,1,,,,0,,,,,504000,,,,,,,,,,,,,,,,,
1557,,1,,,,0,,,,,504000,,,,,,,,,,,,,,,,,
1558,,1,,,,0,,,,,504000,,,,,,,,,,,,,,,,,
1559,,1,,,,0,,,,,504000,,,,,,,,,,,,,,,,,
1560,,1,,,,0,,,,,504000,,,,,,,,,,,,,,,,,
1561,,1,,,,0,,,,,504000,,,,,,,,,,,,,,,,,
1562,,1,,,,0,,,,,504000,,,,,,,,,,,,,,,,,
1563,,1,,,,0,,,,,504000,,,,,,,,,,,,,,,,,
1564,,1,,,,0,,,,,504000,,,,,,,,,,,,,,,,,
1565,,1,,,,0,,,,,504000,,,,,,,,,,,,,,,,,
1566,,1,,,,0,,,,,504000,,,,,,,,,,,,,,,,,
1567,,1,,,,0,,,,,504000,,,,,,,,,,,,,,,,,
1568,,1,,,,0,,,,,504000,,,,,,,,,,,,,,,,,
1569,,1,,,,0,,,,,504000,,,,,,,,,,,,,,,,,
1570,,1,,,,0,,,,,504000,,,,,,,,,,,,,,,,,
1571,,1,,,,0,,,,,504000,,,,,,,,,,,,,,,,,
1572,,1,,,,0,,,,,504000,,,,,,,,,,,,,,,,,
1573,,1,,,,0,,,,,504000,,,,,,,,,,,,,,,,,
1574,,1,,,,0,,,,,504000,,,,,,,,,,,,,,,,,
1575,,1,,,,0,,,,,504000,,,,,,,,,,,,,,,,,
1576,,1,,,,0,,,,,504000,,,,,,,,,,,,,,,,,
1577,,1,,,,0,,,,,504000,,,,,,,,,,,,,,,,,
1578,,1,,,,0,,,,,504000,,,,,,,,,,,,,,,,,
1579,,1,,,,0,,,,,504000,,,,,,,,,,,,,,,,,
1580,,1,,,,0,,,,,504000,,,,,,,,,,,,,,,,,
1581,,1,,,,0,,,,,504000,,,,,,,,,,,,,,,,,
1582,,1,,,,0,,,,,504000,,,,,,,,,,,,,,,,,
1583,,1,,,,0,,,,,504000,,,,,,,,,,,,,,,,,
1584,,1,,,,0,,,,,504000,,,,,,,,,,,,,,,,,
1585,,1,,,,0,,,,,504000,,,,,,,,,,,,,,,,,
1586,,1,,,,0,,,,,504000,,,,,,,,,,,,,,,,,
1587,,1,,,,0,,,,,504000,,,,,,,,,,,,,,,,,
1588,,1,,,,0,,,,,504000,,,,,,,,,,,,,,,,,
1589,,1,,,,0,,,,,504000,,,,,,,,,,,,,,,,,
1590,,1,,,,0,,,,,504000,,,,,,,,,,,,,,,,,
1591,,1,,,,0,,,,,504000,,,,,,,,,,,,,,,,,
1592,,1,,,,0,,,,,504000,,,,,,,,,,,,,,,,,
1593,,1,,,,0,,,,,504000,,,,,,,,,,,,,,,,,
1594,,1,,,,0,,,,,504000,,,,,,,,,,,,,,,,,
1595,,1,,,,0,,,,,504000,,,,,,,,,,,,,,,,,
1596,,1,,,,0,,,,,504000,,,,,,,,,,,,,,,,,
1597,,1,,,,0,,,,,504000,,,,,,,,,,,,,,,,,
1598,,1,,,,0,,,,,504000,,,,,,,,,,,,,,,,,
1599,,1,,,,0,,,,,504000,,,,,,,,,,,,,,,,,
1600,,1,,,,0,,,,,504000,,,,,,,,,,,,,,,,,
1601,,1,,,,0,,,,,504000,,,,,,,,,,,,,,,,,
1602,,1,,,,0,,,,,504000,,,,,,,,,,,,,,,,,
1603,,1,,,,0,,,,,504000,,,,,,,,,,,,,,,,,
1604,,1,,,,0,,,,,504000,,,,,,,,,,,,,,,,,
1605,,1,,,,0,,,,,504000,,,,,,,,,,,,,,,,,
1606,,1,,,,0,,,,,504000,,,,,,,,,,,,,,,,,
1607,,1,,,,0,,,,,504000,,,,,,,,,,,,,,,,,
1608,,1,,,,0,,,,,504000,,,,,,,,,,,,,,,,,
1609,,1,,,,0,,,,,504000,,,,,,,,,,,,,,,,,
1610,,1,,,,0,,,,,504000,,,,,,,,,,,,,,,,,
1611,,1,,,,0,,,,,504000,,,,,,,,,,,,,,,,,
1612,,1,,,,0,,,,,504000,,,,,,,,,,,,,,,,,
1613,,1,,,,0,,,,,504000,,,,,,,,,,,,,,,,,
1614,,1,,,,0,,,,,504000,,,,,,,,,,,,,,,,,
1615,,1,,,,0,,,,,504000,,,,,,,,,,,,,,,,,
1616,,1,,,,0,,,,,504000,,,,,,,,,,,,,,,,,
1617,,1,,,,0,,,,,504000,,,,,,,,,,,,,,,,,
1618,,1,,,,0,,,,,504000,,,,,,,,,,,,,,,,,
1619,,1,,,,0,,,,,504000,,,,,,,,,,,,,,,,,
1620,,1,,,,0,,,,,504000,,,,,,,,,,,,,,,,,
1621,,1,,,,0,,,,,504000,,,,,,,,,,,,,,,,,
1622,,1,,,,0,,,,,504000,,,,,,,,,,,,,,,,,
1623,,1,,,,0,,,,,504000,,,,,,,,,,,,,,,,,
1624,,1,,,,0,,,,,504000,,,,,,,,,,,,,,,,,
1625,,1,,,,0,,,,,504000,,,,,,,,,,,,,,,,,
1626,,1,,,,0,,,,,504000,,,,,,,,,,,,,,,,,
1627,,1,,,,0,,,,,504000,,,,,,,,,,,,,,,,,
1628,,1,,,,0,,,,,504000,,,,,,,,,,,,,,,,,
1629,,1,,,,0,,,,,504000,,,,,,,,,,,,,,,,,
1630,,1,,,,0,,,,,504000,,,,,,,,,,,,,,,,,
1631,,1,,,,0,,,,,504000,,,,,,,,,,,,,,,,,
1632,,1,,,,0,,,,,504000,,,,,,,,,,,,,,,,,
1633,,1,,,,0,,,,,504000,,,,,,,,,,,,,,,,,
1634,,1,,,,0,,,,,504000,,,,,,,,,,,,,,,,,
1635,,1,,,,0,,,,,504000,,,,,,,,,,,,,,,,,
1636,,1,,,,0,,,,,504000,,,,,,,,,,,,,,,,,
1637,,1,,,,0,,,,,504000,,,,,,,,,,,,,,,,,
1638,,1,,,,0,,,,,504000,,,,,,,,,,,,,,,,,
1639,,1,,,,0,,,,,504000,,,,,,,,,,,,,,,,,
1640,,1,,,,0,,,,,504000,,,,,,,,,,,,,,,,,
1641,,1,,,,0,,,,,504000,,,,,,,,,,,,,,,,,
1642,,1,,,,0,,,,,504000,,,,,,,,,,,,,,,,,
1643,,1,,,,0,,,,,504000,,,,,,,,,,,,,,,,,
1644,,1,,,,0,,,,,504000,,,,,,,,,,,,,,,,,
1645,,1,,,,0,,,,,504000,,,,,,,,,,,,,,,,,
1646,,1,,,,0,,,,,504000,,,,,,,,,,,,,,,,,
1647,,1,,,,0,,,,,504000,,,,,,,,,,,,,,,,,
1648,,1,,,,0,,,,,504000,,,,,,,,,,,,,,,,,
1649,,1,,,,0,,,,,504000,,,,,,,,,,,,,,,,,
1650,,1,,,,0,,,,,504000,,,,,,,,,,,,,,,,,
1651,,1,,,,0,,,,,504000,,,,,,,,,,,,,,,,,
1652,,1,,,,0,,,,,504000,,,,,,,,,,,,,,,,,
1653,,1,,,,0,,,,,504000,,,,,,,,,,,,,,,,,
1654,,1,,,,0,,,,,504000,,,,,,,,,,,,,,,,,
1655,,1,,,,0,,,,,504000,,,,,,,,,,,,,,,,,
1656,,1,,,,0,,,,,504000,,,,,,,,,,,,,,,,,
1657,,1,,,,0,,,,,504000,,,,,,,,,,,,,,,,,
1658,,1,,,,0,,,,,504000,,,,,,,,,,,,,,,,,
1659,,1,,,,0,,,,,504000,,,,,,,,,,,,,,,,,
1660,,1,,,,0,,,,,504000,,,,,,,,,,,,,,,,,
1661,,1,,,,0,,,,,504000,,,,,,,,,,,,,,,,,
1662,,1,,,,0,,,,,504000,,,,,,,,,,,,,,,,,
1663,,1,,,,0,,,,,504000,,,,,,,,,,,,,,,,,
1664,,1,,,,0,,,,,504000,,,,,,,,,,,,,,,,,
1665,,1,,,,0,,,,,504000,,,,,,,,,,,,,,,,,
1666,,1,,,,0,,,,,504000,,,,,,,,,,,,,,,,,
1667,,1,,,,0,,,,,504000,,,,,,,,,,,,,,,,,
1668,,1,,,,0,,,,,504000,,,,,,,,,,,,,,,,,
1669,,1,,,,0,,,,,504000,,,,,,,,,,,,,,,,,
1670,,1,,,,0,,,,,504000,,,,,,,,,,,,,,,,,
1671,,1,,,,0,,,,,504000,,,,,,,,,,,,,,,,,
1672,,1,,,,0,,,,,504000,,,,,,,,,,,,,,,,,
1673,,1,,,,0,,,,,504000,,,,,,,,,,,,,,,,,
1674,,1,,,,0,,,,,504000,,,,,,,,,,,,,,,,,
1675,,1,,,,0,,,,,504000,,,,,,,,,,,,,,,,,
1676,,1,,,,0,,,,,504000,,,,,,,,,,,,,,,,,
1677,,1,,,,0,,,,,504000,,,,,,,,,,,,,,,,,
1678,,1,,,,0,,,,,504000,,,,,,,,,,,,,,,,,
1679,,1,,,,0,,,,,504000,,,,,,,,,,,,,,,,,
1680,,1,,,,0,,,,,504000,,,,,,,,,,,,,,,,,
1681,,1,,,,0,,,,,504000,,,,,,,,,,,,,,,,,
1682,,1,,,,0,,,,,504000,,,,,,,,,,,,,,,,,
1683,,1,,,,0,,,,,504000,,,,,,,,,,,,,,,,,
1684,,1,,,,0,,,,,504000,,,,,,,,,,,,,,,,,
1685,,1,,,,0,,,,,504000,,,,,,,,,,,,,,,,,
1686,,1,,,,0,,,,,504000,,,,,,,,,,,,,,,,,
1687,,1,,,,0,,,,,504000,,,,,,,,,,,,,,,,,
1688,,1,,,,0,,,,,504000,,,,,,,,,,,,,,,,,
1689,,1,,,,0,,,,,504000,,,,,,,,,,,,,,,,,
1690,,1,,,,0,,,,,504000,,,,,,,,,,,,,,,,,
1691,,1,,,,0,,,,,504000,,,,,,,,,,,,,,,,,
1692,,1,,,,0,,,,,504000,,,,,,,,,,,,,,,,,
1693,,1,,,,0,,,,,504000,,,,,,,,,,,,,,,,,
1694,,1,,,,0,,,,,504000,,,,,,,,,,,,,,,,,
1695,,1,,,,0,,,,,504000,,,,,,,,,,,,,,,,,
1696,,1,,,,0,,,,,504000,,,,,,,,,,,,,,,,,
1697,,1,,,,0,,,,,504000,,,,,,,,,,,,,,,,,
1698,,1,,,,0,,,,,504000,,,,,,,,,,,,,,,,,
1699,,1,,,,0,,,,,504000,,,,,,,,,,,,,,,,,
1700,,1,,,,0,,,,,504000,,,,,,,,,,,,,,,,,
1701,,1,,,,0,,,,,504000,,,,,,,,,,,,,,,,,
1702,,1,,,,0,,,,,504000,,,,,,,,,,,,,,,,,
1703,,1,,,,0,,,,,504000,,,,,,,,,,,,,,,,,
1704,,1,,,,0,,,,,504000,,,,,,,,,,,,,,,,,
1705,,1,,,,0,,,,,504000,,,,,,,,,,,,,,,,,
1706,,1,,,,0,,,,,504000,,,,,,,,,,,,,,,,,
1707,,1,,,,0,,,,,504000,,,,,,,,,,,,,,,,,
1708,,1,,,,0,,,,,504000,,,,,,,,,,,,,,,,,
1709,,1,,,,0,,,,,504000,,,,,,,,,,,,,,,,,
1710,,1,,,,0,,,,,504000,,,,,,,,,,,,,,,,,
1711,,1,,,,0,,,,,504000,,,,,,,,,,,,,,,,,
1712,,1,,,,0,,,,,504000,,,,,,,,,,,,,,,,,
1713,,1,,,,0,,,,,504000,,,,,,,,,,,,,,,,,
1714,,1,,,,0,,,,,504000,,,,,,,,,,,,,,,,,
1715,,1,,,,0,,,,,504000,,,,,,,,,,,,,,,,,
1716,,1,,,,0,,,,,504000,,,,,,,,,,,,,,,,,
1717,,1,,,,0,,,,,504000,,,,,,,,,,,,,,,,,
1718,,1,,,,0,,,,,504000,,,,,,,,,,,,,,,,,
1719,,1,,,,0,,,,,504000,,,,,,,,,,,,,,,,,
1720,,1,,,,0,,,,,504000,,,,,,,,,,,,,,,,,
1721,,1,,,,0,,,,,504000,,,,,,,,,,,,,,,,,
1722,,1,,,,0,,,,,504000,,,,,,,,,,,,,,,,,
1723,,1,,,,0,,,,,504000,,,,,,,,,,,,,,,,,
1724,,1,,,,0,,,,,504000,,,,,,,,,,,,,,,,,
1725,,1,,,,0,,,,,504000,,,,,,,,,,,,,,,,,
1726,,1,,,,0,,,,,504000,,,,,,,,,,,,,,,,,
1727,,1,,,,0,,,,,504000,,,,,,,,,,,,,,,,,
1728,,1,,,,0,,,,,504000,,,,,,,,,,,,,,,,,
1729,,1,,,,0,,,,,504000,,,,,,,,,,,,,,,,,
1730,,1,,,,0,,,,,504000,,,,,,,,,,,,,,,,,
1731,,,,,,,,,504000,0,504000,,,,,,,,,,,,,,,,,
,,,,,,,,,,,0,,,,,,,,,,,,,,,,,
,,,,,,,,,,,,,,,,,,,,,,,,,,,,
,,,,,,,,,,,,,,,,,,,,,,,,,,,,
,,,,,,,,,,,,,,,,,,,,,,,,,,,,
,,,,,,,,,,,,,,,,,,,,,,,,,,,,
,,,,,,,,,,,,,,,,,,,,,,,,,,,,
,,,,,,,,,,,,,,,,,,,,,,,,,,,,
,,,,,,,,,,,,,,,,,,,,,,,,,,,,
,,,,,,,,,,,,,,,,,,,,,,,,,,,,
,,,,,,,,,,,,,,,,,,,,,,,,,,,,
,,,,,,,,,,,,,,,,,,,,,,,,,,,,
,,,,,,,,,,,,,,,,,,,,,,,,,,,,
,,,,,,,,,,,,,,,,,,,,,,,,,,,,
,,,,,,,,,,,,,,,,,,,,,,,,,,,,
,,,,,,,,,,,,,,,,,,,,,,,,,,,,
,,,,,,,,,,,,,,,,,,,,,,,,,,,,
,,,,,,,,,,,,,,,,,,,,,,,,,,,,
,,,,,,,,,,,,,,,,,,,,,,,,,,,,
,,,,,,,,,,,,,,,,,,,,,,,,,,,,
,,,,,,,,,,,,,,,,,,,,,,,,,,,,
,,,,,,,,,,,,,,,,,,,,,,,,,,,,
,,,,,,,,,,,,,,,,,,,,,,,,,,,,
,,,,,,,,,,,,,,,,,,,,,,,,,,,,
,,,,,,,,,,,,,,,,,,,,,,,,,,,,
,,,,,,,,,,,,,,,,,,,,,,,,,,,,
,,,,,,,,,,,,,,,,,,,,,,,,,,,,
,,,,,,,,,,,,,,,,,,,,,,,,,,,,
,,,,,,,,,,,,,,,,,,,,,,,,,,,,
,,,,,,,,,,,,,,,,,,,,,,,,,,,,
,,,,,,,,,,,,,,,,,,,,,,,,,,,,
,,,,,,,,,,,,,,,,,,,,,,,,,,,,
,,,,,,,,,,,,,,,,,,,,,,,,,,,,
,,,,,,,,,,,,,,,,,,,,,,,,,,,,
,,,,,,,,,,,,,,,,,,,,,,,,,,,,
,,,,,,,,,,,,,,,,,,,,,,,,,,,,
,,,,,,,,,,,,,,,,,,,,,,,,,,,,
,,,,,,,,,,,,,,,,,,,,,,,,,,,,
,,,,,,,,,,,,,,,,,,,,,,,,,,,,
,,,,,,,,,,,,,,,,,,,,,,,,,,,,
,,,,,,,,,,,,,,,,,,,,,,,,,,,,
,,,,,,,,,,,,,,,,,,,,,,,,,,,,
,,,,,,,,,,,,,,,,,,,,,,,,,,,,
,,,,,,,,,,,,,,,,,,,,,,,,,,,,
,,,,,,,,,,,,,,,,,,,,,,,,,,,,
,,,,,,,,,,,,,,,,,,,,,,,,,,,,
,,,,,,,,,,,,,,,,,,,,,,,,,,,,
,,,,,,,,,,,,,,,,,,,,,,,,,,,,
,,,,,,,,,,,,,,,,,,,,,,,,,,,,
,,,,,,,,,,,,,,,,,,,,,,,,,,,,
,,,,,,,,,,,,,,,,,,,,,,,,,,,,
,,,,,,,,,,,,,,,,,,,,,,,,,,,,
,,,,,,,,,,,,,,,,,,,,,,,,,,,,
,,,,,,,,,,,,,,,,,,,,,,,,,,,,
,,,,,,,,,,,,,,,,,,,,,,,,,,,,
,,,,,,,,,,,,,,,,,,,,,,,,,,,,
,,,,,,,,,,,,,,,,,,,,,,,,,,,,
,,,,,,,,,,,,,,,,,,,,,,,,,,,,
,,,,,,,,,,,,,,,,,,,,,,,,,,,,
,,,,,,,,,,,,,,,,,,,,,,,,,,,,
,,,,,,,,,,,,,,,,,,,,,,,,,,,,
,,,,,,,,,,,,,,,,,,,,,,,,,,,,
,,,,,,,,,,,,,,,,,,,,,,,,,,,,
,,,,,,,,,,,,,,,,,,,,,,,,,,,,
,,,,,,,,,,,,,,,,,,,,,,,,,,,,
,,,,,,,,,,,,,,,,,,,,,,,,,,,,
,,,,,,,,,,,,,,,,,,,,,,,,,,,,
,,,,,,,,,,,,,,,,,,,,,,,,,,,,
,,,,,,,,,,,,,,,,,,,,,,,,,,,,
,,,,,,,,,,,,,,,,,,,,,,,,,,,,
,,,,,,,,,,,,,,,,,,,,,,,,,,,,
,,,,,,,,,,,,,,,,,,,,,,,,,,,,
,,,,,,,,,,,,,,,,,,,,,,,,,,,,
,,,,,,,,,,,,,,,,,,,,,,,,,,,,
,,,,,,,,,,,,,,,,,,,,,,,,,,,,
,,,,,,,,,,,,,,,,,,,,,,,,,,,,
,,,,,,,,,,,,,,,,,,,,,,,,,,,,
,,,,,,,,,,,,,,,,,,,,,,,,,,,,
,,,,,,,,,,,,,,,,,,,,,,,,,,,,
,,,,,,,,,,,,,,,,,,,,,,,,,,,,
,,,,,,,,,,,,,,,,,,,,,,,,,,,,
,,,,,,,,,,,,,,,,,,,,,,,,,,,,
,,,,,,,,,,,,,,,,,,,,,,,,,,,,
,,,,,,,,,,,,,,,,,,,,,,,,,,,,
,,,,,,,,,,,,,,,,,,,,,,,,,,,,
,,,,,,,,,,,,,,,,,,,,,,,,,,,,
,,,,,,,,,,,,,,,,,,,,,,,,,,,,
,,,,,,,,,,,,,,,,,,,,,,,,,,,,
,,,,,,,,,,,,,,,,,,,,,,,,,,,,
,,,,,,,,,,,,,,,,,,,,,,,,,,,,
,,,,,,,,,,,,,,,,,,,,,,,,,,,,
,,,,,,,,,,,,,,,,,,,,,,,,,,,,
,,,,,,,,,,,,,,,,,,,,,,,,,,,,
,,,,,,,,,,,,,,,,,,,,,,,,,,,,
,,,,,,,,,,,,,,,,,,,,,,,,,,,,
,,,,,,,,,,,,,,,,,,,,,,,,,,,,
,,,,,,,,,,,,,,,,,,,,,,,,,,,,
,,,,,,,,,,,,,,,,,,,,,,,,,,,,
,,,,,,,,,,,,,,,,,,,,,,,,,,,,
,,,,,,,,,,,,,,,,,,,,,,,,,,,,
,,,,,,,,,,,,,,,,,,,,,,,,,,,,
,,,,,,,,,,,,,,,,,,,,,,,,,,,,
,,,,,,,,,,,,,,,,,,,,,,,,,,,,
,,,,,,,,,,,,,,,,,,,,,,,,,,,,
,,,,,,,,,,,,,,,,,,,,,,,,,,,,
,,,,,,,,,,,,,,,,,,,,,,,,,,,,
,,,,,,,,,,,,,,,,,,,,,,,,,,,,
,,,,,,,,,,,,,,,,,,,,,,,,,,,,
,,,,,,,,,,,,,,,,,,,,,,,,,,,,
,,,,,,,,,,,,,,,,,,,,,,,,,,,,
,,,,,,,,,,,,,,,,,,,,,,,,,,,,
,,,,,,,,,,,,,,,,,,,,,,,,,,,,
,,,,,,,,,,,,,,,,,,,,,,,,,,,,
,,,,,,,,,,,,,,,,,,,,,,,,,,,,
,,,,,,,,,,,,,,,,,,,,,,,,,,,,
,,,,,,,,,,,,,,,,,,,,,,,,,,,,
,,,,,,,,,,,,,,,,,,,,,,,,,,,,
,,,,,,,,,,,,,,,,,,,,,,,,,,,,
,,,,,,,,,,,,,,,,,,,,,,,,,,,,
,,,,,,,,,,,,,,,,,,,,,,,,,,,,
,,,,,,,,,,,,,,,,,,,,,,,,,,,,
,,,,,,,,,,,,,,,,,,,,,,,,,,,,
,,,,,,,,,,,,,,,,,,,,,,,,,,,,
,,,,,,,,,,,,,,,,,,,,,,,,,,,,
,,,,,,,,,,,,,,,,,,,,,,,,,,,,
,,,,,,,,,,,,,,,,,,,,,,,,,,,,
,,,,,,,,,,,,,,,,,,,,,,,,,,,,
,,,,,,,,,,,,,,,,,,,,,,,,,,,,
,,,,,,,,,,,,,,,,,,,,,,,,,,,,
,,,,,,,,,,,,,,,,,,,,,,,,,,,,
,,,,,,,,,,,,,,,,,,,,,,,,,,,,
,,,,,,,,,,,,,,,,,,,,,,,,,,,,
,,,,,,,,,,,,,,,,,,,,,,,,,,,,
,,,,,,,,,,,,,,,,,,,,,,,,,,,,
,,,,,,,,,,,,,,,,,,,,,,,,,,,,
,,,,,,,,,,,,,,,,,,,,,,,,,,,,
,,,,,,,,,,,,,,,,,,,,,,,,,,,,
,,,,,,,,,,,,,,,,,,,,,,,,,,,,
,,,,,,,,,,,,,,,,,,,,,,,,,,,,
,,,,,,,,,,,,,,,,,,,,,,,,,,,,
,,,,,,,,,,,,,,,,,,,,,,,,,,,,
,,,,,,,,,,,,,,,,,,,,,,,,,,,,
,,,,,,,,,,,,,,,,,,,,,,,,,,,,
,,,,,,,,,,,,,,,,,,,,,,,,,,,,
,,,,,,,,,,,,,,,,,,,,,,,,,,,,
,,,,,,,,,,,,,,,,,,,,,,,,,,,,
,,,,,,,,,,,,,,,,,,,,,,,,,,,,
,,,,,,,,,,,,,,,,,,,,,,,,,,,,
,,,,,,,,,,,,,,,,,,,,,,,,,,,,
,,,,,,,,,,,,,,,,,,,,,,,,,,,,
,,,,,,,,,,,,,,,,,,,,,,,,,,,,
,,,,,,,,,,,,,,,,,,,,,,,,,,,,
,,,,,,,,,,,,,,,,,,,,,,,,,,,,
,,,,,,,,,,,,,,,,,,,,,,,,,,,,
,,,,,,,,,,,,,,,,,,,,,,,,,,,,
,,,,,,,,,,,,,,,,,,,,,,,,,,,,
,,,,,,,,,,,,,,,,,,,,,,,,,,,,
,,,,,,,,,,,,,,,,,,,,,,,,,,,,
,,,,,,,,,,,,,,,,,,,,,,,,,,,,
,,,,,,,,,,,,,,,,,,,,,,,,,,,,
,,,,,,,,,,,,,,,,,,,,,,,,,,,,
,,,,,,,,,,,,,,,,,,,,,,,,,,,,
,,,,,,,,,,,,,,,,,,,,,,,,,,,,
,,,,,,,,,,,,,,,,,,,,,,,,,,,,
,,,,,,,,,,,,,,,,,,,,,,,,,,,,
,,,,,,,,,,,,,,,,,,,,,,,,,,,,
,,,,,,,,,,,,,,,,,,,,,,,,,,,,
,,,,,,,,,,,,,,,,,,,,,,,,,,,,
,,,,,,,,,,,,,,,,,,,,,,,,,,,,
,,,,,,,,,,,,,,,,,,,,,,,,,,,,
,,,,,,,,,,,,,,,,,,,,,,,,,,,,
,,,,,,,,,,,,,,,,,,,,,,,,,,,,
,,,,,,,,,,,,,,,,,,,,,,,,,,,,
,,,,,,,,,,,,,,,,,,,,,,,,,,,,
,,,,,,,,,,,,,,,,,,,,,,,,,,,,
,,,,,,,,,,,,,,,,,,,,,,,,,,,,
,,,,,,,,,,,,,,,,,,,,,,,,,,,,
,,,,,,,,,,,,,,,,,,,,,,,,,,,,
,,,,,,,,,,,,,,,,,,,,,,,,,,,,
,,,,,,,,,,,,,,,,,,,,,,,,,,,,
,,,,,,,,,,,,,,,,,,,,,,,,,,,,
,,,,,,,,,,,,,,,,,,,,,,,,,,,,
,,,,,,,,,,,,,,,,,,,,,,,,,,,,
,,,,,,,,,,,,,,,,,,,,,,,,,,,,
,,,,,,,,,,,,,,,,,,,,,,,,,,,,
,,,,,,,,,,,,,,,,,,,,,,,,,,,,
,,,,,,,,,,,,,,,,,,,,,,,,,,,,
,,,,,,,,,,,,,,,,,,,,,,,,,,,,
,,,,,,,,,,,,,,,,,,,,,,,,,,,,
,,,,,,,,,,,,,,,,,,,,,,,,,,,,
,,,,,,,,,,,,,,,,,,,,,,,,,,,,
,,,,,,,,,,,,,,,,,,,,,,,,,,,,
,,,,,,,,,,,,,,,,,,,,,,,,,,,,
,,,,,,,,,,,,,,,,,,,,,,,,,,,,
,,,,,,,,,,,,,,,,,,,,,,,,,,,,
,,,,,,,,,,,,,,,,,,,,,,,,,,,,
,,,,,,,,,,,,,,,,,,,,,,,,,,,,
,,,,,,,,,,,,,,,,,,,,,,,,,,,,
,,,,,,,,,,,,,,,,,,,,,,,,,,,,
,,,,,,,,,,,,,,,,,,,,,,,,,,,,
,,,,,,,,,,,,,,,,,,,,,,,,,,,,
