,,,,,,,,,,,,,,,,,,,,,,,,,
,,,,,,,,,,,,,,,,,,,,,,,,,
Sum of Dr,Column Labels,,,,,,,,,,,,,,,,,,,,,,,,
Row Labels,1,2.0,3.0,4.0,5.0,6.0,7.0,8.0,9.0,10.0,11.0,12.0,0125,0225,0325,0425,0525,0625,0725,0825,0925,1025,1125,1225,Grand Total
A-02,100000,100000.0,100000.0,100000.0,100000.0,,,,,,,,,,,,,,,,,,,,500000
A-03,100000,100000.0,100000.0,,,,,,,,,,,,,,,,,,,,,,300000
A-04,100000,100000.0,100000.0,100000.0,100000.0,,,,,,,,,,,,,,,,,,,,500000
A-05,100000,100000.0,100000.0,100000.0,,,,,,,,,,,,,,,,,,,,,400000
A-06,100000,100000.0,100000.0,100000.0,100000.0,100000.0,100000.0,100000.0,100000.0,100000.0,100000.0,100000.0,,,,,,,,,,,,,1200000
A-07,100000,100000.0,100000.0,100000.0,100000.0,100000.0,100000.0,100000.0,100000.0,100000.0,100000.0,100000.0,,,,,,,,,,,,,1200000
A-09,100000,100000.0,100000.0,100000.0,,,,,,,,,,,,,,,,,,,,,400000
A-11,,,100000.0,100000.0,,,,,,,,,,,,,,,,,,,,,200000
A-12,100000,100000.0,100000.0,100000.0,100000.0,100000.0,,,,,,,,,,,,,,,,,,,600000
A-14,100000,100000.0,100000.0,100000.0,100000.0,,,,,,,,,,,,,,,,,,,,500000
A-15,100000,100000.0,100000.0,100000.0,100000.0,100000.0,100000.0,100000.0,100000.0,,,,,,,,,,,,,,,,900000
A-16,100000,100000.0,100000.0,100000.0,100000.0,,,,,,,,,,,,,,,,,,,,500000
A-17,100000,100000.0,100000.0,100000.0,100000.0,100000.0,100000.0,100000.0,100000.0,100000.0,100000.0,100000.0,,,,,,,,,,,,,1200000
A-19,100000,100000.0,100000.0,100000.0,100000.0,,,,,,,,,,,,,,,,,,,,500000
A-20,100000,100000.0,100000.0,100000.0,,,,,,,,,,,,,,,,,,,,,400000
A-21,,,100000.0,100000.0,100000.0,,,,,,,,,,,,,,,,,,,,300000
A-22,100000,100000.0,100000.0,100000.0,,,,,,,,,,,,,,,,,,,,,400000
A-23,100000,100000.0,100000.0,100000.0,100000.0,100000.0,100000.0,100000.0,100000.0,100000.0,100000.0,100000.0,,,,,,,,,,,,,1200000
A-24,100000,100000.0,100000.0,100000.0,,,,,,,,,,,,,,,,,,,,,400000
A-26,100000,100000.0,100000.0,100000.0,100000.0,100000.0,100000.0,100000.0,100000.0,100000.0,100000.0,100000.0,,,,,,,,,,,,,1200000
A-27,100000,100000.0,100000.0,100000.0,100000.0,,,,,,,,,,,,,,,,,,,,500000
A-29,100000,100000.0,100000.0,100000.0,100000.0,,,,,,,,,,,,,,,,,,,,500000
A-30,100000,100000.0,100000.0,100000.0,,,,,,,,,,,,,,,,,,,,,400000
A-32,50000,50000.0,50000.0,50000.0,50000.0,,,,,,,,,,,,,,,,,,,,250000
A-34,100000,100000.0,100000.0,100000.0,100000.0,100000.0,,,,,,,,,,,,,,,,,,,600000
A-35,100000,100000.0,100000.0,100000.0,100000.0,100000.0,100000.0,100000.0,100000.0,100000.0,100000.0,100000.0,,,,,,,,,,,,,1200000
A-35A,100000,100000.0,100000.0,100000.0,,,,,,,,,,,,,,,,,,,,,400000
A-36,100000,100000.0,100000.0,100000.0,100000.0,,,,,,,,,,,,,,,,,,,,500000
A-37,100000,100000.0,100000.0,100000.0,100000.0,,,,,,,,,,,,,,,,,,100000,100000,700000
A-38,100000,100000.0,,,,,,,,,,,,,,,,,,,,,,,200000
A-39,100000,100000.0,,,,,,,,,,,,,,,,,,,,,,,200000
A-40,100000,100000.0,100000.0,,,,,,,,,,,,,,,,,,,,,,300000
B-01,100000,100000.0,100000.0,100000.0,100000.0,,,,,,,,,,,,,,,,,,,,500000
B-02A,100000,100000.0,100000.0,100000.0,,,,,,,,,,,,,,,,,,,,,400000
B-02B,100000,100000.0,100000.0,100000.0,,,,,,,,,,,,,,,,,,,,,400000
B-03,100000,100000.0,100000.0,100000.0,100000.0,,,,,,,,,,,,,,,,,,,,500000
B-04,100000,100000.0,100000.0,100000.0,100000.0,100000.0,,,,,,,,,,,,,,,,,,,600000
B-05,100000,100000.0,100000.0,100000.0,100000.0,,,,,,,,,,,,,,,,,,,,500000
B-06,100000,100000.0,100000.0,100000.0,100000.0,100000.0,100000.0,100000.0,100000.0,100000.0,100000.0,,,,,,,,,,,,,,1100000
B-07,100000,100000.0,100000.0,100000.0,,,,,,,,,,,,,,,,,,,,,400000
B-09,100000,100000.0,100000.0,100000.0,100000.0,100000.0,,,,,,,,,,,,,,,,,,,600000
B-10,100000,100000.0,100000.0,100000.0,100000.0,100000.0,,,,,,,,,,,,,,,,,,,600000
B-11,100000,100000.0,100000.0,100000.0,100000.0,100000.0,,,,,,,,,,,,,,,,,,,600000
B-11A,100000,100000.0,,,,,,,,,,,,,,,,,,,,,,,200000
B-11B,100000,100000.0,100000.0,100000.0,100000.0,,,,,,,,,,,,,,,,,,,,500000
B-15,100000,100000.0,100000.0,100000.0,100000.0,,,,,,,,,,,,,,,,,,,,500000
B-18,,,,100000.0,100000.0,,,,,,,,,,,,,,,,,,,,200000
B-20&22,100000,165000.0,165000.0,160000.0,,,,,,,,,,,,,,,,,,,,,590000
B-21,100000,100000.0,100000.0,100000.0,,,,,,,,,,,,,,,,,,,,,400000
B-23,100000,100000.0,100000.0,100000.0,,,,,,,,,,,,,,,,,,,,,400000
B-31,100000,100000.0,100000.0,100000.0,100000.0,,,,,,,,,,,,,,,,,,,,500000
B-33,100000,200000.0,,100000.0,100000.0,,,,,,,,,,,,,,,,,,,,500000
C-01,100000,100000.0,100000.0,100000.0,100000.0,100000.0,100000.0,,,,,,,,,,,,,,,,,,700000
C-04,100000,100000.0,100000.0,100000.0,100000.0,,,,,,,,,,,,,,,,,,,,500000
C-06,100000,100000.0,100000.0,100000.0,100000.0,,,,,,,,,,,,,,,,,,,,500000
C-07,100000,100000.0,,,,,,,,,,,,,,,,,,,,,,,200000
C-08,100000,,,,,,,,,,,,,,,,,,,,100000,100000,100000,100000,500000
C-09,,,,,,,,,,,,,100000,100000,100000,100000,100000,100000,100000,100000,100000,100000,100000,100000,1200000
C-10,110000,110000.0,110000.0,110000.0,110000.0,110000.0,110000.0,110000.0,110000.0,110000.0,110000.0,110000.0,,,,,,,,,,,,,1320000
C-11,100000,100000.0,100000.0,100000.0,100000.0,,,,,,,,,,,,,,,,,,,,500000
D-01,100000,100000.0,100000.0,100000.0,100000.0,100000.0,100000.0,100000.0,100000.0,100000.0,100000.0,100000.0,,,,,,,,,,,,,1200000
D-02,190000,190000.0,190000.0,190000.0,190000.0,,,,,,,,,,,,,,,,,,,,950000
Grand Total,5850000,5915000.0,5515000.0,5510000.0,4050000.0,1710000.0,1110000.0,1010000.0,1010000.0,910000.0,910000.0,810000.0,100000,100000,100000,100000,100000,100000,100000,100000,200000,200000,300000,300000,36110000
